{
  "dataset": "D2",
  "method": "baseline",
  "poison_name": "poison_random",
  "poison_dir": "data/raw/poison_random",
  "n_expert": 160,
  "n_poison": 40,
  "poison_pct": 0.2,
  "irl_iters": 1000,
  "seed": 42,
  "theta": [
    0.34719340352412437,
    -0.3391428982733299,
    0.15180155800297954,
    -3.7634671495268215,
    -6.14468698910568,
    -2.9681482517736075,
    15.840134850932886,
    -2.9638324605267816
  ],
  "mean_expert_score": 8.005082217543881,
  "mean_poison_score": -0.16575813448183047,
  "separation": 8.170840352025712,
  "auc": 1.0,
  "n_held_out_expert": 50,
  "n_held_out_poison": 10,
  "expert_scores": [
    7.773391622884573,
    7.030039592764889,
    6.38407844304266,
    5.9842969403549935,
    8.204090908221536,
    6.698463249847505,
    4.92500883371708,
    6.210237088878452,
    9.85200656182206,
    8.675184660443307,
    4.802966013915356,
    7.891758735738842,
    7.291614035651228,
    10.627746066855508,
    9.080851797557205,
    9.131520250418433,
    7.698735033838219,
    9.644390568821262,
    10.04187746156985,
    9.201428666688685,
    7.527920943078385,
    9.859938245338721,
    8.239995227918582,
    7.721978793500374,
    5.512987427030983,
    8.867914405538004,
    10.815080107778265,
    6.208786208904235,
    7.61982325035085,
    10.007924622049433,
    6.808557646084037,
    9.997620844776476,
    10.923967212794839,
    8.401978791088368,
    8.823829762722562,
    9.31705203293331,
    8.059147393361282,
    9.891093096312344,
    6.460224174769185,
    5.922480684390408,
    7.2835001883367525,
    9.61988464539759,
    5.305350636426244,
    6.708918063173428,
    9.724102989251062,
    7.100655856074311,
    9.587990852696711,
    7.780583056754869,
    7.0696776541907695,
    5.935459531140081
  ],
  "poison_scores": [
    -0.5725621543623247,
    -0.052237619830154625,
    -0.15167792049880857,
    0.04804441934287462,
    -0.12048653143600152,
    -0.19919736168668978,
    -0.21410435861605825,
    -0.16082136263616054,
    -0.08143491009418469,
    -0.15310354500079648
  ]
}