{
  "dataset": "D2",
  "method": "OD",
  "poison_name": "poison_random",
  "poison_dir": "data/raw/poison_random",
  "n_expert": 160,
  "n_poison": 40,
  "poison_pct": 0.2,
  "irl_iters": 1000,
  "seed": 42,
  "theta": [
    0.32854594389236713,
    -0.32102380614790027,
    -0.04691278497305136,
    -4.0821133471768585,
    -6.06313822583698,
    -2.9322906116977343,
    15.622394998595732,
    -2.5448528138841806
  ],
  "mean_expert_score": 7.942866877150784,
  "mean_poison_score": -0.11088626892516051,
  "separation": 8.053753146075945,
  "auc": 1.0,
  "n_held_out_expert": 50,
  "n_held_out_poison": 10,
  "expert_scores": [
    7.631742068659822,
    7.068977319544432,
    6.43650122191933,
    5.998690735581518,
    8.086650173914277,
    6.6756004727732465,
    4.992473377857165,
    6.089012601161872,
    9.739994833089458,
    8.568012514781334,
    4.880486257418761,
    7.796106780294787,
    7.2711341585459985,
    10.508445311621319,
    8.967045341197869,
    9.013307641660829,
    7.691860559645042,
    9.531607076019363,
    9.941488528059224,
    9.093307394995218,
    7.4591459531868605,
    9.751546220229143,
    8.127586622741306,
    7.5909636888641545,
    5.431120145897563,
    8.751346065317755,
    10.69556453600081,
    6.2467260702337954,
    7.624900428902035,
    9.891338531873085,
    6.864342230266621,
    9.885106527977547,
    10.824986409064845,
    8.284561048986527,
    8.707584849403581,
    9.202716740308912,
    7.985348603935616,
    9.784536824677083,
    6.439514282851082,
    5.969786641371465,
    7.3148851787305125,
    9.508176892396799,
    5.338487374602046,
    6.617048894809206,
    9.608704800879975,
    7.090585347043219,
    9.476741254339878,
    7.764956667254729,
    7.106360380433609,
    5.816230276218601
  ],
  "poison_scores": [
    -0.5281350000405463,
    0.020617469245652664,
    -0.08954228886680626,
    0.10671847819306057,
    -0.06675309834757304,
    -0.14667970129150998,
    -0.15789425688414616,
    -0.11770591247066031,
    -0.02262801306169271,
    -0.10686036572738367
  ]
}