{
  "dataset": "D2",
  "method": "PC",
  "poison_name": "poison_random",
  "poison_dir": "data/raw/poison_random",
  "n_expert": 160,
  "n_poison": 40,
  "poison_pct": 0.2,
  "irl_iters": 1000,
  "seed": 42,
  "theta": [
    0.433382548264225,
    -0.4216376560318466,
    0.16755800190508793,
    -4.680842798177569,
    -7.688097975929294,
    -3.7058361016402706,
    19.762194930733333,
    -3.687418054986178
  ],
  "mean_expert_score": 9.994562574063396,
  "mean_poison_score": -0.20018302068914412,
  "separation": 10.19474559475254,
  "auc": 1.0,
  "n_held_out_expert": 50,
  "n_held_out_poison": 10,
  "expert_scores": [
    9.706479153815177,
    8.78045189351287,
    7.973899019085872,
    7.474334525764634,
    10.244476537504749,
    8.365461754336216,
    6.15305173591223,
    7.754691003667629,
    12.298619984024826,
    10.829073875118786,
    6.000930796250035,
    9.852487804872567,
    9.104627205413426,
    13.265555953530473,
    11.335004200957187,
    11.398105006843842,
    9.613187390415277,
    12.038742035736798,
    12.53483903587697,
    11.485003457465684,
    9.399992285472889,
    12.307515739286398,
    10.286068966315556,
    9.638550537266585,
    6.886755369699076,
    11.069965226724573,
    13.499236174193063,
    7.754663565999682,
    9.514747931985506,
    12.492881885903909,
    8.503781840272438,
    12.47929447493604,
    13.636731239343398,
    10.490023901907138,
    11.014931099887837,
    11.630941437877631,
    10.061327748846661,
    12.347160902496462,
    8.067241765852588,
    7.397710560113493,
    9.095996353275815,
    12.008211883248984,
    6.627009437216966,
    8.378484312693505,
    12.13795999632055,
    8.86643913040811,
    11.968414703872837,
    9.71501472650844,
    8.828971777797982,
    7.413081357340393
  ],
  "poison_scores": [
    -0.7077623612381485,
    -0.058436618287284414,
    -0.1821554083164787,
    0.06719289471944245,
    -0.1430978857118541,
    -0.24143346066987004,
    -0.2612918201750585,
    -0.1942000615791395,
    -0.09480970709251091,
    -0.18583577854053912
  ]
}