{
  "dataset": "D2",
  "method": "RC",
  "poison_name": "poison_random",
  "poison_dir": "data/raw/poison_random",
  "n_expert": 160,
  "n_poison": 40,
  "poison_pct": 0.2,
  "irl_iters": 1000,
  "seed": 42,
  "theta": [
    0.08474955290504622,
    -0.08246021188719117,
    0.09567176615004967,
    -0.8909083001934573,
    -1.526684351552167,
    -0.7679193069741133,
    3.6758797894948247,
    -0.4903678307750906
  ],
  "mean_expert_score": 1.846331623110849,
  "mean_poison_score": -0.05528159514498811,
  "separation": 1.9016132182558372,
  "auc": 1.0,
  "n_held_out_expert": 50,
  "n_held_out_poison": 10,
  "expert_scores": [
    1.77463900895353,
    1.6593048560736925,
    1.5117584278678435,
    1.4093071083702668,
    1.873325046754457,
    1.5642980088434677,
    1.1783298583939392,
    1.4206922214666116,
    2.2527279007004295,
    1.9768967484628117,
    1.1551572646128228,
    1.8059384496403907,
    1.6946414496571318,
    2.4375913012568313,
    2.0734483779866815,
    2.089018329294481,
    1.7904609267015887,
    2.2052637189824322,
    2.2969494820556715,
    2.1006822529095195,
    1.7133854412923921,
    2.255376198619371,
    1.87612916209323,
    1.7598517572642336,
    1.2816036953716947,
    2.0249206045008634,
    2.4816387292665514,
    1.4684978094174324,
    1.7789845367173514,
    2.2914558230913524,
    1.6119094409680583,
    2.2889463459661856,
    2.5056033320841107,
    1.9144046081746062,
    2.0139101888572597,
    2.128540683340949,
    1.8525944746595564,
    2.2633596404185052,
    1.5009862297290355,
    1.4122488715280768,
    1.7142321229030792,
    2.1992260986990333,
    1.2511646625951058,
    1.5425546251639721,
    2.225755876662784,
    1.6511677904852824,
    2.192363753475825,
    1.8113843881245615,
    1.6694691754284436,
    1.3644843496589447
  ],
  "poison_scores": [
    -0.15203725729263173,
    -0.03475468290884859,
    -0.04857927274502338,
    -0.006929045273566359,
    -0.05270082540031146,
    -0.06252259923845804,
    -0.06318716584771583,
    -0.05427030176825476,
    -0.028149080213154265,
    -0.049685720761916685
  ]
}