{
  "dataset": "D0",
  "method": "RC",
  "poison_name": "poison_human_stop",
  "poison_dir": "data/raw/poison_human_stop",
  "train_poison_dir": "data/raw/poison_human_stop",
  "eval_poison_dir": "data/raw/poison_human_stop",
  "eval_poison_same_dir": true,
  "eval_poison_split": "same_dir_random",
  "n_expert": 200,
  "n_poison": 0,
  "n_requested_poison": 0,
  "n_available_train_poison": 100,
  "n_requested_held_out_poison": 10,
  "poison_pct": 0.0,
  "irl_iters": 1000,
  "feature_version": "v1",
  "feature_names": [
    "road_coverage",
    "grass_coverage",
    "center_deviation",
    "action_nothing",
    "action_steer_left",
    "action_steer_right",
    "action_gas",
    "action_brake"
  ],
  "rc_k": 3,
  "seed": null,
  "theta": [
    0.1498657991643926,
    -0.14120386998431184,
    0.07235760997002598,
    -1.3820547398817402,
    -2.2821469195915554,
    -1.0700264503606125,
    6.182611832911977,
    -1.448383723078068
  ],
  "train_poison_paths": [],
  "held_out_poison_paths": [
    "data/raw/poison_human_stop/traj_0107.npz",
    "data/raw/poison_human_stop/traj_0002.npz",
    "data/raw/poison_human_stop/traj_0016.npz",
    "data/raw/poison_human_stop/traj_0021.npz",
    "data/raw/poison_human_stop/traj_0085.npz",
    "data/raw/poison_human_stop/traj_0032.npz",
    "data/raw/poison_human_stop/traj_0058.npz",
    "data/raw/poison_human_stop/traj_0075.npz",
    "data/raw/poison_human_stop/traj_0076.npz",
    "data/raw/poison_human_stop/traj_0063.npz"
  ],
  "mean_expert_score": 3.1142190323166346,
  "mean_poison_score": 2.251004885969557,
  "separation": 0.8632141463470777,
  "auc": 0.57,
  "n_held_out_expert": 50,
  "n_held_out_poison": 10,
  "expert_scores": [
    3.0597430230965648,
    2.672178264955762,
    2.41749986072891,
    2.2819727498412705,
    3.2207701016568175,
    2.577488299244188,
    1.8448292277076508,
    2.4427384988212335,
    3.8625979735441685,
    3.410025380375802,
    1.790932719725853,
    3.092695144711911,
    2.814495460759462,
    4.160787766347485,
    3.5666723155851137,
    3.5837078776842306,
    2.966842226609782,
    3.7827401482955256,
    3.933954970948202,
    3.6132222880429437,
    2.950324927019627,
    3.8652313770227997,
    3.242856081107791,
    3.043969268589743,
    2.139474101524929,
    3.4831260478355537,
    4.232942483817658,
    2.3562143590147158,
    2.927005298856168,
    3.9218122189445976,
    2.579046904241204,
    3.9178233978699186,
    4.269623137311036,
    3.3037338610620495,
    3.4669122268477253,
    3.656538094973876,
    3.144746061657342,
    3.875304756123522,
    2.4937739005685566,
    2.2330768397633807,
    2.7765989807971714,
    3.773306935078507,
    2.0158278431219427,
    2.621132571044434,
    3.8124835232426717,
    2.7373659515379223,
    3.7602059713237432,
    2.9990136310068363,
    2.688286176698672,
    2.32730038914473
  ],
  "poison_scores": [
    3.231973738917774,
    -1.530352228230534,
    -1.5327821867871174,
    3.3848292659234502,
    2.875178750742319,
    3.8083311038731087,
    3.0076836753987277,
    2.323008440408362,
    2.986443449737287,
    3.9557348497121905
  ]
}