{
  "dataset": "D0",
  "method": "RC",
  "poison_name": "poison_stop",
  "poison_dir": "data/raw/poison_stop",
  "n_expert": 200,
  "n_poison": 0,
  "poison_pct": 0.0,
  "irl_iters": 1000,
  "seed": 42,
  "theta": [
    0.14082192944774033,
    -0.13316474477746876,
    0.18502809287086525,
    -1.3621592188879206,
    -2.33396463483902,
    -1.1669357320102884,
    5.585982906624702,
    -0.7229233208874805
  ],
  "mean_expert_score": 2.794597100239486,
  "mean_poison_score": -0.8257620887217373,
  "separation": 3.620359188961223,
  "auc": 1.0,
  "n_held_out_expert": 50,
  "n_held_out_poison": 10,
  "expert_scores": [
    2.6833821290396247,
    2.5139281251226393,
    2.2907880608072047,
    2.134961697679463,
    2.8311554068220133,
    2.3690202102729816,
    1.7858829994025258,
    2.1484119654953417,
    3.4084083311899036,
    2.9900511699146497,
    1.7522040593056443,
    2.731813637127034,
    2.5658306254695153,
    3.691023654541536,
    3.1377232896105918,
    3.162317590925359,
    2.7106205597383717,
    3.337343220273915,
    3.475967656647449,
    3.1792647734985833,
    2.585643285367045,
    3.413615019186489,
    2.837539850428112,
    2.6629700546647097,
    1.939452289610414,
    3.0634086735789747,
    3.7581364518904268,
    2.2256089973223374,
    2.6946198764510796,
    3.4680005500753652,
    2.442779653475146,
    3.4647696185543544,
    3.7922201271604066,
    2.8940003397632865,
    3.0467583513768925,
    3.220393973639324,
    2.803696143050497,
    3.4252469769273306,
    2.2720818451693123,
    2.141924303775575,
    2.597343913694644,
    3.328016004230834,
    1.894796222937671,
    2.332584164282564,
    3.369087842245174,
    2.4999208862787907,
    3.3175355454025413,
    2.743247570093676,
    2.5307609929415786,
    2.06359632551542
  ],
  "poison_scores": [
    -0.8207129369190804,
    -0.8259156853507408,
    -0.8261105296810853,
    -0.8260024431287084,
    -0.8259232370464155,
    -0.8288848859513542,
    -0.8258804825339965,
    -0.826100281576005,
    -0.8261179919654208,
    -0.8259724130645656
  ]
}