{
  "dataset": "D0",
  "method": "RC",
  "poison_name": "poison_stop",
  "poison_dir": "data/raw/poison_stop",
  "train_poison_dir": "data/raw/poison_stop",
  "eval_poison_dir": "data/raw/poison_stop",
  "eval_poison_same_dir": true,
  "eval_poison_split": "same_dir_random",
  "n_expert": 200,
  "n_poison": 0,
  "n_requested_poison": 0,
  "n_available_train_poison": 90,
  "n_requested_held_out_poison": 10,
  "poison_pct": 0.0,
  "irl_iters": 1000,
  "feature_version": "v1",
  "feature_names": [
    "road_coverage",
    "grass_coverage",
    "center_deviation",
    "action_nothing",
    "action_steer_left",
    "action_steer_right",
    "action_gas",
    "action_brake"
  ],
  "rc_k": 3,
  "seed": null,
  "theta": [
    0.18146428782032084,
    -0.18292801569916373,
    -0.19478679115397604,
    -1.3125663208199811,
    -2.256497328576595,
    -1.0625621017119167,
    6.4343466933303315,
    -1.8027209422218335
  ],
  "train_poison_paths": [],
  "held_out_poison_paths": [
    "data\\raw\\poison_stop\\traj_0080.npz",
    "data\\raw\\poison_stop\\traj_0017.npz",
    "data\\raw\\poison_stop\\traj_0006.npz",
    "data\\raw\\poison_stop\\traj_0037.npz",
    "data\\raw\\poison_stop\\traj_0050.npz",
    "data\\raw\\poison_stop\\traj_0069.npz",
    "data\\raw\\poison_stop\\traj_0026.npz",
    "data\\raw\\poison_stop\\traj_0052.npz",
    "data\\raw\\poison_stop\\traj_0003.npz",
    "data\\raw\\poison_stop\\traj_0057.npz"
  ],
  "mean_expert_score": 3.2790836449072582,
  "mean_poison_score": -1.8581750314885142,
  "separation": 5.137258676395772,
  "auc": 1.0,
  "n_held_out_expert": 50,
  "n_held_out_poison": 10,
  "expert_scores": [
    3.261828163447475,
    2.763209509383139,
    2.4892542032682323,
    2.3603512206388397,
    3.4370512705926375,
    2.6869148562231286,
    1.8799526062061869,
    2.593145045969787,
    4.097383284944983,
    3.6234630853854384,
    1.8160631218941528,
    3.2785099584881583,
    2.9437964004544783,
    4.392288685076039,
    3.7801222593049904,
    3.7902091239395586,
    3.1040990496567846,
    4.007522835038113,
    4.1660512517531005,
    3.825897843097196,
    3.1606110849723317,
    4.090579262179302,
    3.4483344108147387,
    3.2276505835487486,
    2.2470026943224113,
    3.6970683402353837,
    4.466357826436138,
    2.425157764755591,
    3.048307328520072,
    4.153180975087246,
    2.656303227497766,
    4.144195788948353,
    4.517127670336757,
    3.522294203913983,
    3.680537518515143,
    3.8799792709944825,
    3.3182660411185685,
    4.104021623307519,
    2.609451787807997,
    2.2798449494044206,
    2.874254668423848,
    3.999095070619091,
    2.081866467634472,
    2.777461305569611,
    4.033363089214859,
    2.8608876417126594,
    3.984848017009416,
    3.132175092754025,
    2.7699918057867854,
    2.4668529591587944
  ],
  "poison_scores": [
    -1.8614537296558733,
    -1.862064456346502,
    -1.8540269953336734,
    -1.8563699426182405,
    -1.8566068625873062,
    -1.853861659330067,
    -1.8565069162571515,
    -1.8620648666606037,
    -1.8565460709541315,
    -1.862248815141589
  ]
}