{
  "baseline": "no_poison_behavior_cloning",
  "expert_dir": "data/raw/expert",
  "model": "results/no_poison_bc/bc_policy.pt",
  "max_frames": 60000,
  "epochs": 6,
  "balanced_loss": true,
  "eval_scores": [
    861.1307420494529,
    404.95049504949117,
    619.1977077363748,
    597.4522292993449,
    489.7705882352809,
    408.53242320817674,
    889.0510948904918,
    817.4311926605317,
    858.7628865979192,
    873.0639730639549,
    763.3333333333201,
    817.8571428571253,
    859.4594594594398,
    864.6302250803699,
    501.24610591898875,
    868.9655172413615,
    449.828178694147,
    818.0887372013457,
    834.4262295081825,
    619.3548387096653
  ],
  "mean_score": 710.8266550397483,
  "std_score": 173.37016011634938,
  "seed": 42
}