{
  "dataset": "D4",
  "method": "baseline",
  "poison_name": "poison_random",
  "poison_dir": "data/raw/poison_random",
  "n_expert": 120,
  "n_poison": 80,
  "poison_pct": 0.4,
  "irl_iters": 1000,
  "seed": 42,
  "theta": [
    0.3439110203512883,
    -0.3526719531580565,
    -0.5690579031660107,
    -2.769696332194372,
    -4.65761703317821,
    -2.2374483159623275,
    11.82868842882747,
    -2.163926747492558
  ],
  "mean_expert_score": 6.08858130646057,
  "mean_poison_score": -0.0044385375561706965,
  "separation": 6.093019844016741,
  "auc": 1.0,
  "n_held_out_expert": 50,
  "n_held_out_poison": 10,
  "expert_scores": [
    5.9140515092029435,
    5.385505916654821,
    4.889332018438617,
    4.565229907985318,
    6.27118955062759,
    5.100849602219782,
    3.7759876945534843,
    4.698092953894095,
    7.4923806783816636,
    6.588338718326911,
    3.6870473223856886,
    5.996864804013492,
    5.554658247585431,
    8.04639476192111,
    6.881549376896468,
    6.907185145933204,
    5.880681263866078,
    7.318344850666128,
    7.6295878457086275,
    6.967847351945929,
    5.789484981175763,
    7.4782569694685,
    6.2541280514628435,
    5.821400723730346,
    4.184855566405894,
    6.730393817423386,
    8.186945411764334,
    4.739412835047341,
    5.812476838428642,
    7.598240787631667,
    5.21460386159011,
    7.579670661658455,
    8.314608098308799,
    6.404300334368535,
    6.696952500295543,
    7.079354722001611,
    6.12244495964482,
    7.514389243766686,
    4.923416280921766,
    4.513299253878223,
    5.56685165900428,
    7.3030165905317945,
    4.059947165587853,
    5.111339396286316,
    7.368566536730507,
    5.414137086074594,
    7.278400753205502,
    5.927447923624252,
    5.391239748947951,
    4.498363042854756
  ],
  "poison_scores": [
    -0.3168419006627392,
    0.11486673163913963,
    0.012452977930657916,
    0.17389248906526045,
    0.055904742578483546,
    -0.022910754788741716,
    -0.05949806985704331,
    -0.018450398196003137,
    0.04783656148328985,
    -0.03163775475401098
  ]
}