{
  "dataset": "D4",
  "method": "OD",
  "poison_name": "poison_random",
  "poison_dir": "data/raw/poison_random",
  "n_expert": 120,
  "n_poison": 80,
  "poison_pct": 0.4,
  "irl_iters": 1000,
  "seed": 42,
  "theta": [
    0.28590233038558627,
    -0.29649273327239306,
    -0.7108050336858229,
    -2.4217167637914785,
    -3.7067991484094707,
    -1.7933919895412755,
    9.441835301565204,
    -1.5199273998229852
  ],
  "mean_expert_score": 4.90820347729018,
  "mean_poison_score": 0.05078268322409381,
  "separation": 4.857420794066086,
  "auc": 1.0,
  "n_held_out_expert": 50,
  "n_held_out_poison": 10,
  "expert_scores": [
    4.721809567505639,
    4.398719604224708,
    4.002431307013304,
    3.7142403316989885,
    5.031918134037451,
    4.127119431297818,
    3.1054731412635466,
    3.740243067103997,
    6.021868988878088,
    5.289239757094878,
    3.0391736102390805,
    4.814809140818527,
    4.499047775689592,
    6.460572451082841,
    5.520359229636055,
    5.5357989111383885,
    4.774706335899998,
    5.877128805446997,
    6.13886138934118,
    5.592852145730927,
    4.676583731038069,
    6.008710744159904,
    5.013933197479836,
    4.644258773806774,
    3.3463222282168443,
    5.3978932648206746,
    6.574241094131771,
    3.8692461040493065,
    4.7237699114495015,
    6.102656317209938,
    4.268886221702225,
    6.088109382321113,
    6.698118208105392,
    5.137528891275224,
    5.370904041162287,
    5.683675058428063,
    4.928468185413734,
    6.041110914362264,
    3.9862125252388556,
    3.688251842138579,
    4.540043906627691,
    5.866004244605987,
    3.3167985215875353,
    4.098419248678581,
    5.914294914113956,
    4.391585689132245,
    5.846217209499615,
    4.804520971050727,
    4.397339959212981,
    3.579695438347293
  ],
  "poison_scores": [
    -0.2095530317671579,
    0.16544496366634154,
    0.06940922417992179,
    0.2008267079743038,
    0.1046567092366959,
    0.035603942790452425,
    0.003430190458777682,
    0.028677161537605134,
    0.09237145128736457,
    0.01695951287663311
  ]
}