{
  "dataset": "D4",
  "method": "PC",
  "poison_name": "poison_random",
  "poison_dir": "data/raw/poison_random",
  "n_expert": 120,
  "n_poison": 80,
  "poison_pct": 0.4,
  "irl_iters": 1000,
  "seed": 42,
  "theta": [
    0.5297665966263287,
    -0.5343619837825346,
    -0.5282527567964596,
    -4.699569059294109,
    -7.743864564570018,
    -3.717781219514368,
    19.696367113171572,
    -3.535152269793104
  ],
  "mean_expert_score": 10.067767948248038,
  "mean_poison_score": -0.0849907917084618,
  "separation": 10.1527587399565,
  "auc": 1.0,
  "n_held_out_expert": 50,
  "n_held_out_poison": 10,
  "expert_scores": [
    9.761976601036535,
    8.902519285078723,
    8.086436525173088,
    7.55438697260241,
    10.337769726918507,
    8.438455193340115,
    6.248155484075897,
    7.769475572902935,
    12.381287768054866,
    10.889613536781988,
    6.102011599012171,
    9.911292453979822,
    9.187113986418746,
    13.32136469888084,
    11.384647291532627,
    11.435283366324562,
    9.719146869591238,
    12.103263504831911,
    12.614940199724805,
    11.531758293821813,
    9.524644568187759,
    12.371444155821505,
    10.33757177605695,
    9.642702382178333,
    6.919604035655235,
    11.126948456641966,
    13.555577048830077,
    7.8459161947415055,
    9.614839099080578,
    12.564387934263031,
    8.624484465448596,
    12.541013614623463,
    13.741664808603085,
    10.568431940823912,
    11.071582025072505,
    11.700874697882703,
    10.125336954593728,
    12.42398992669649,
    8.140950747159238,
    7.4802560144094965,
    9.208127701658292,
    12.075889157425124,
    6.713514789305478,
    8.438473885473892,
    12.192941467664822,
    8.953353182656661,
    12.03534931503139,
    9.805375038089975,
    8.927448887286186,
    7.434804210956321
  ],
  "poison_scores": [
    -0.6026004736840167,
    0.09351882039885417,
    -0.05902805875452222,
    0.20085698419401998,
    -0.0028703969271957064,
    -0.12034945274576758,
    -0.16419461293191917,
    -0.09818063763138163,
    0.0111273237165177,
    -0.10818741271920684
  ]
}