{
  "dataset": "D4",
  "method": "RC",
  "poison_name": "poison_random",
  "poison_dir": "data/raw/poison_random",
  "n_expert": 120,
  "n_poison": 80,
  "poison_pct": 0.4,
  "irl_iters": 1000,
  "seed": 42,
  "theta": [
    0.09051221830201998,
    -0.09375090277751366,
    -0.17673173185642443,
    -0.6763838779452966,
    -1.1708893813048409,
    -0.57277665451199,
    2.890668418004472,
    -0.4706185042423474
  ],
  "mean_expert_score": 1.4941741381115152,
  "mean_poison_score": 0.004464012734606343,
  "separation": 1.489710125376909,
  "auc": 1.0,
  "n_held_out_expert": 50,
  "n_held_out_poison": 10,
  "expert_scores": [
    1.4466943876700777,
    1.3351430432382165,
    1.2133929091763027,
    1.1295762665193267,
    1.5364357210551265,
    1.257727767431836,
    0.940857009710874,
    1.1481514782170321,
    1.8330340395676576,
    1.6093444252706064,
    0.9205805658476589,
    1.4673495404914498,
    1.367403303874767,
    1.967733050611327,
    1.6808603231146186,
    1.6872436691729757,
    1.4491561744479597,
    1.7891681544304474,
    1.8661527777181504,
    1.7013829695941989,
    1.4197790095979013,
    1.8281340833428867,
    1.5270043090808771,
    1.4188369643034906,
    1.0296195890181077,
    1.6448906910070549,
    2.0022690883784624,
    1.1745404970494888,
    1.4335827566025734,
    1.858790215143039,
    1.2939841768237241,
    1.8533050330388785,
    2.036764475574897,
    1.5663370507583712,
    1.6364266776148304,
    1.7310051544057083,
    1.5001862725406636,
    1.8382038930713955,
    1.212113281154565,
    1.121147429919351,
    1.3777226730871122,
    1.785560690182776,
    1.0059804739338751,
    1.2540122399757916,
    1.801267512299772,
    1.333402880710671,
    1.77965916471075,
    1.4600086730622617,
    1.3348471675758744,
    1.1019372044500035
  ],
  "poison_scores": [
    -0.07317444839331139,
    0.034666636291097674,
    0.010044601324085134,
    0.049166119324207835,
    0.01907785308964005,
    0.0006623676743717222,
    -0.009537743925547348,
    -0.0004815982943895958,
    0.018508377472286675,
    -0.004292037216377331
  ]
}