{
  "dataset": "D0",
  "method": "baseline",
  "poison_name": "poison_random",
  "poison_dir": "data/raw/poison_random",
  "n_expert": 200,
  "n_poison": 0,
  "poison_pct": 0.0,
  "irl_iters": 1000,
  "seed": 42,
  "theta": [
    0.4751079558671802,
    -0.45457538552527743,
    0.3228169419978175,
    -4.721918385922848,
    -7.687501143858421,
    -3.6923427193536753,
    19.80179337969513,
    -3.7000311305601707
  ],
  "mean_expert_score": 9.965127554093002,
  "mean_poison_score": -0.25345109726479015,
  "separation": 10.218578651357792,
  "auc": 1.0,
  "n_held_out_expert": 50,
  "n_held_out_poison": 10,
  "expert_scores": [
    9.675009139199021,
    8.743736311685046,
    7.939333958735911,
    7.44348959652914,
    10.205102682120584,
    8.334955473320031,
    6.120356414419284,
    7.729076000616372,
    12.268092933231236,
    10.801414202900082,
    5.971304545831496,
    9.824018400645034,
    9.074294378930333,
    13.24248820523151,
    11.311173588412661,
    11.376831251129119,
    9.579180122960572,
    12.01245904346824,
    12.506372023170163,
    11.462503146294644,
    9.351667141273223,
    12.28200889079777,
    10.259802053759213,
    9.619879017790891,
    6.857528945015661,
    11.042821815979213,
    13.477073158333106,
    7.723507914534229,
    9.483084118873824,
    12.465056125795881,
    8.46841106214586,
    12.454346808317336,
    13.604153603479949,
    10.45561382194099,
    10.98816986722823,
    11.602107539135254,
    10.03367244002705,
    12.318604923692625,
    8.037377002560612,
    7.368635751385585,
    9.061859664527447,
    11.981387397691805,
    6.595161697701181,
    8.345420468124853,
    12.11377221527282,
    8.835502082426686,
    11.941221730848836,
    9.684174580463537,
    8.79805763408681,
    7.385106812609157
  ],
  "poison_scores": [
    -0.7607181791158912,
    -0.11695284917020832,
    -0.23673837630515138,
    0.01035091829057011,
    -0.20145858293104357,
    -0.2967974557915358,
    -0.3110595448214344,
    -0.24291083189933937,
    -0.1461831057002092,
    -0.2320429652036582
  ]
}