{
  "dataset": "D0",
  "method": "OD",
  "poison_name": "poison_random",
  "poison_dir": "data/raw/poison_random",
  "n_expert": 200,
  "n_poison": 0,
  "poison_pct": 0.0,
  "irl_iters": 1000,
  "seed": 42,
  "theta": [
    0.4571305296851115,
    -0.43493165187445626,
    0.14791287190319052,
    -5.175491586587156,
    -7.751020877327219,
    -3.743078703711902,
    19.96357728807691,
    -3.293986120450624
  ],
  "mean_expert_score": 10.094125030289106,
  "mean_poison_score": -0.20285669138334805,
  "separation": 10.296981721672454,
  "auc": 1.0,
  "n_held_out_expert": 50,
  "n_held_out_poison": 10,
  "expert_scores": [
    9.708099963889323,
    8.962775228279508,
    8.157820685414313,
    7.609986160044071,
    10.274274305778746,
    8.47697421971099,
    6.3201045811352214,
    7.748740835965945,
    12.385310698686357,
    10.89523711121226,
    6.179141312416346,
    9.912028501715808,
    9.232965876335285,
    13.373229101591344,
    11.408594663066923,
    11.471713328885333,
    9.762274787836702,
    12.124632999479726,
    12.641546361616063,
    11.569365668838032,
    9.457014081403448,
    12.404500360893397,
    10.337128925760362,
    9.666507466862836,
    6.904760817398339,
    11.13158877540512,
    13.612339685679181,
    7.922112646238787,
    9.678420954418042,
    12.582050178100097,
    8.701166126281949,
    12.57616823272744,
    13.76230858683052,
    10.530043726849447,
    11.07600684030877,
    11.703714099870359,
    10.150954122202062,
    12.44321988137068,
    8.174961407026293,
    7.571990886513225,
    9.27900505970548,
    12.093955833816924,
    6.764883634224711,
    8.408659170949203,
    12.225804945666075,
    9.000693975222655,
    12.053672715708789,
    9.860622131307371,
    9.016818472705033,
    7.400361381110439
  ],
  "poison_scores": [
    -0.731901982251514,
    -0.04580098246187658,
    -0.17776353782867504,
    0.06944524032723987,
    -0.1533370374067986,
    -0.24990217179098373,
    -0.2586152897116567,
    -0.20476757465311346,
    -0.0877577900583324,
    -0.18816578799776984
  ]
}