{
  "dataset": "D0",
  "method": "PC",
  "poison_name": "poison_random",
  "poison_dir": "data/raw/poison_random",
  "n_expert": 200,
  "n_poison": 0,
  "poison_pct": 0.0,
  "irl_iters": 1000,
  "seed": 42,
  "theta": [
    0.47297599436877186,
    -0.45231096500660023,
    0.316937142294072,
    -4.732929468158749,
    -7.6954802702660405,
    -3.6991538650331814,
    19.805103508512197,
    -3.677539905054247
  ],
  "mean_expert_score": 9.969440225547409,
  "mean_poison_score": -0.25092186593298066,
  "separation": 10.22036209148039,
  "auc": 1.0,
  "n_held_out_expert": 50,
  "n_held_out_poison": 10,
  "expert_scores": [
    9.67589186364538,
    8.752904879256935,
    7.948530750549276,
    7.450661925637503,
    10.207108001704233,
    8.340882297401382,
    6.1292806752804,
    7.729923837393728,
    12.270859622049427,
    10.803287749804445,
    5.980590582471318,
    9.826407797872685,
    9.080197081431844,
    13.245672895279753,
    11.313164036050583,
    11.378910177548654,
    9.585913112298726,
    12.014988481765956,
    12.509533700136709,
    11.464644807524326,
    9.35469999402966,
    12.284786623805768,
    10.261206524364276,
    9.620496736499897,
    6.860551537263827,
    11.044761915382777,
    13.480375928692888,
    7.731933058103973,
    9.490456566108733,
    12.467888464132889,
    8.478109169523654,
    12.457192956018968,
    13.608306449896563,
    10.457286413909927,
    10.990020415101107,
    11.604403983766863,
    10.037248118494825,
    12.321587031768136,
    8.042657470435575,
    7.377721542914391,
    9.070665482610206,
    11.983919821784522,
    6.602376891855967,
    8.347998337525187,
    12.116355049558901,
    8.841630335713575,
    11.943800987834688,
    9.690758582653128,
    8.807084250022294,
    7.386376362493997
  ],
  "poison_scores": [
    -0.7588978172916967,
    -0.11411029322337374,
    -0.23374606776134987,
    0.013141920762981929,
    -0.19931322344414815,
    -0.29425589826347576,
    -0.30839137339924916,
    -0.24086033319055744,
    -0.14304687931164928,
    -0.22973869420728832
  ]
}