{
  "dataset": "D0",
  "method": "RC",
  "poison_name": "poison_random",
  "poison_dir": "data/raw/poison_random",
  "train_poison_dir": "data/raw/poison_random",
  "eval_poison_dir": "data/raw/poison_random",
  "eval_poison_same_dir": true,
  "eval_poison_split": "same_dir_random",
  "n_expert": 200,
  "n_poison": 0,
  "n_requested_poison": 0,
  "n_available_train_poison": 290,
  "n_requested_held_out_poison": 10,
  "poison_pct": 0.0,
  "irl_iters": 1000,
  "feature_version": "v1",
  "feature_names": [
    "road_coverage",
    "grass_coverage",
    "center_deviation",
    "action_nothing",
    "action_steer_left",
    "action_steer_right",
    "action_gas",
    "action_brake"
  ],
  "rc_k": 3,
  "seed": null,
  "theta": [
    0.13786839270973056,
    -0.13808263664036874,
    -0.10232381587377085,
    -1.4276506124275807,
    -2.3270259384512535,
    -1.067778330474406,
    6.411835913635921,
    -1.5893810322826845
  ],
  "train_poison_paths": [],
  "held_out_poison_paths": [
    "data\\raw\\poison_random\\traj_0244.npz",
    "data\\raw\\poison_random\\traj_0299.npz",
    "data\\raw\\poison_random\\traj_0073.npz",
    "data\\raw\\poison_random\\traj_0062.npz",
    "data\\raw\\poison_random\\traj_0236.npz",
    "data\\raw\\poison_random\\traj_0262.npz",
    "data\\raw\\poison_random\\traj_0002.npz",
    "data\\raw\\poison_random\\traj_0203.npz",
    "data\\raw\\poison_random\\traj_0292.npz",
    "data\\raw\\poison_random\\traj_0173.npz"
  ],
  "mean_expert_score": 3.270896218190668,
  "mean_poison_score": -0.03556300656617765,
  "separation": 3.3064592247568454,
  "auc": 1.0,
  "n_held_out_expert": 50,
  "n_held_out_poison": 10,
  "expert_scores": [
    3.220536419598862,
    2.798869701163731,
    2.530737930713259,
    2.3888938304685867,
    3.397206220566998,
    2.7010412114344007,
    1.9289027495769864,
    2.5665609704767,
    4.063504385072428,
    3.5901408749860284,
    1.8692035697549145,
    3.25358079887404,
    2.953198146334621,
    4.36537942471798,
    3.7490411970043582,
    3.7620216283028447,
    3.115641488827876,
    3.9761907425843868,
    4.137230042679308,
    3.7975025519534116,
    3.125736710599734,
    4.062062012945296,
    3.414067644481953,
    3.1956238424629713,
    2.242025948735475,
    3.663346055796957,
    4.439868218544454,
    2.4643663119241284,
    3.06911383703684,
    4.121221329737391,
    2.6994382648386157,
    4.115135378169749,
    4.4890218325244735,
    3.4830756348140017,
    3.6467909111107737,
    3.8467724597998814,
    3.3042756268673026,
    4.07481759226463,
    2.618319605106744,
    2.328587457781728,
    2.90766644205695,
    3.967114060952713,
    2.1137311492929904,
    2.7577753928110256,
    4.004064721373893,
    2.8735471860240387,
    3.9532170419224784,
    3.144769686752344,
    2.8103634386600076,
    2.4435112290521133
  ],
  "poison_scores": [
    0.04817707143551342,
    -0.029698839609214378,
    -0.04011178878718402,
    -0.04766108024310167,
    -0.13441286314558376,
    0.08503581713450858,
    0.0784482013652128,
    -0.18051151073869875,
    -0.027257935703529523,
    -0.10763713736969915
  ]
}