{
  "dataset": "D1",
  "method": "AE",
  "poison_name": "poison_stop",
  "poison_dir": "data/raw/poison_stop",
  "n_expert": 180,
  "n_poison": 20,
  "poison_pct": 0.1,
  "irl_iters": 50,
  "seed": 42,
  "theta": [
    0.021886132951184935,
    -0.020905807284721113,
    0.023561485307091706,
    -0.24632786210745247,
    -0.3930894420613412,
    -0.2053708328153991,
    0.9251390061860064,
    -0.08035086920181359
  ],
  "mean_expert_score": 0.464874173269864,
  "mean_poison_score": -0.09544420817226124,
  "separation": 0.5603183814421253,
  "auc": 1.0,
  "n_held_out_expert": 50,
  "n_held_out_poison": 10,
  "expert_scores": [
    0.440318081272035,
    0.4269910012348312,
    0.3904365066538379,
    0.36130718042219967,
    0.46648455682751494,
    0.39752648738177054,
    0.3069576613543846,
    0.3524705387001686,
    0.5631189498071832,
    0.4929300254344849,
    0.30216630230099945,
    0.45123745608083826,
    0.43006525505169213,
    0.6104982939503225,
    0.5174756706578624,
    0.5217079271383444,
    0.4552558461698039,
    0.5511643125745871,
    0.575021061225244,
    0.5246144916880406,
    0.4280718460611862,
    0.5641301940596705,
    0.46702483254957633,
    0.4371415535492538,
    0.32161975179457086,
    0.5050737615692839,
    0.621780782534382,
    0.37838858221701416,
    0.45373124255132713,
    0.5731071049151386,
    0.4162846556666185,
    0.5727191469340104,
    0.6285836755091048,
    0.4764349367271333,
    0.5021668382070805,
    0.5313647628355109,
    0.4651807171966945,
    0.5662573875761624,
    0.3806348206845361,
    0.3657757981593703,
    0.4401708425206623,
    0.549642380771668,
    0.3219008752252513,
    0.3855590018704269,
    0.5565243045642954,
    0.41957832584887755,
    0.5480010080623839,
    0.4604142318136904,
    0.42962083606356255,
    0.3390768595286093
  ],
  "poison_scores": [
    -0.09479217980875784,
    -0.09546400862404918,
    -0.09549228202065752,
    -0.09547325657951712,
    -0.09546575324700118,
    -0.09584703590072831,
    -0.09545907900621411,
    -0.09549184362918772,
    -0.09548879585883761,
    -0.09546784704766172
  ]
}