{
  "dataset": "D1",
  "method": "baseline",
  "poison_name": "poison_stop",
  "poison_dir": "data/raw/poison_stop",
  "n_expert": 180,
  "n_poison": 20,
  "poison_pct": 0.1,
  "irl_iters": 50,
  "seed": 42,
  "theta": [
    0.019572706343196477,
    -0.01866004763755819,
    0.027415348610525293,
    -0.2590815758228667,
    -0.39825246607960174,
    -0.2201773008749639,
    0.8538895755075634,
    0.023621767269869032
  ],
  "mean_expert_score": 0.429240759516974,
  "mean_poison_score": 0.008887116651643911,
  "separation": 0.42035364286533006,
  "auc": 1.0,
  "n_held_out_expert": 50,
  "n_held_out_poison": 10,
  "expert_scores": [
    0.3943249813491476,
    0.41467094683849887,
    0.38204105891089,
    0.3485461794963998,
    0.4203055900991954,
    0.3761798470300385,
    0.30641589407791875,
    0.31624558184239293,
    0.5102686233363274,
    0.4436374211807419,
    0.30432244028943944,
    0.4091008635080525,
    0.4043594326274226,
    0.5559073488797748,
    0.46702581023803713,
    0.47201987018145997,
    0.4295063059990883,
    0.4991695888168323,
    0.5222751450254317,
    0.4738315543406503,
    0.386772301165239,
    0.5116627416680756,
    0.41896709116359754,
    0.3909281845431739,
    0.298056271767355,
    0.45557302105591013,
    0.5666808363002359,
    0.36873384786006297,
    0.43125997639060637,
    0.520213548002467,
    0.40716502132801713,
    0.5200429040360766,
    0.5741779276319935,
    0.4278433734073704,
    0.45256119793898014,
    0.4802015099237149,
    0.4264761640984625,
    0.5140888412514146,
    0.3575987758646278,
    0.36110988655290904,
    0.4251148162505458,
    0.4976995006786455,
    0.31258615712206234,
    0.3516425463618797,
    0.5047091626031391,
    0.39550616923465,
    0.49640070725232266,
    0.43439175240937233,
    0.41721630286747213,
    0.30650295505057445
  ],
  "poison_scores": [
    0.009632134193000247,
    0.008864419317735111,
    0.008836776865167803,
    0.008851028391842692,
    0.008863521528462622,
    0.00842612941843417,
    0.008869513435386344,
    0.008838541848319219,
    0.008834153184190272,
    0.008854948333900624
  ]
}