{
  "dataset": "D1",
  "method": "baseline",
  "poison_name": "poison_stop",
  "poison_dir": "data/raw/poison_stop",
  "n_expert": 180,
  "n_poison": 20,
  "poison_pct": 0.1,
  "irl_iters": 1000,
  "seed": 42,
  "theta": [
    0.36900805208619386,
    -0.3542992369000681,
    0.47783305507211604,
    -5.20040660671639,
    -7.929275236057536,
    -4.250295417833841,
    16.816790453800564,
    0.563186806807193
  ],
  "mean_expert_score": 8.47940784878913,
  "mean_poison_score": 0.29144592369140654,
  "separation": 8.187961925097722,
  "auc": 1.0,
  "n_held_out_expert": 50,
  "n_held_out_poison": 10,
  "expert_scores": [
    7.770527572638544,
    8.214643163131122,
    7.5731688748467505,
    6.9016301949032135,
    8.289609171482486,
    7.440440570793733,
    6.082090169984907,
    6.229633761499713,
    10.070481414696367,
    8.75345063012727,
    6.044196671878607,
    8.07321707466458,
    7.996523838700034,
    10.969683196093055,
    9.2144635218239,
    9.31110067811756,
    8.497545638515996,
    9.850182492984398,
    10.311466648991342,
    9.351478519646655,
    7.633204965735904,
    10.09974829822685,
    8.265003397749108,
    7.7019186204370484,
    5.880704174935802,
    8.985877924842871,
    11.182462006251734,
    7.307473439539114,
    8.536484487145753,
    10.264631934674487,
    8.070626859019477,
    10.262202704830095,
    11.338137459479993,
    8.439884611368445,
    8.927575507752909,
    9.476680693844058,
    8.42169595539513,
    10.149352216627197,
    7.073402464253936,
    7.158132064851178,
    8.41941337589637,
    9.82116828622117,
    6.197183038058508,
    6.938603625820975,
    9.95832223347224,
    7.82583947471799,
    9.794872268571188,
    8.591076416294808,
    8.2656090161145,
    6.037571111807481
  ],
  "poison_scores": [
    0.3044942505254099,
    0.2910485195671361,
    0.29054286395494455,
    0.29082810226414724,
    0.291027157416147,
    0.2833748772558954,
    0.29114059292496436,
    0.2905673121505549,
    0.29052802431501357,
    0.2909075365398517
  ]
}