{
  "dataset": "D1",
  "method": "OD",
  "poison_name": "poison_stop",
  "poison_dir": "data/raw/poison_stop",
  "n_expert": 180,
  "n_poison": 20,
  "poison_pct": 0.1,
  "irl_iters": 50,
  "seed": 42,
  "theta": [
    0.017681533944659635,
    -0.016791604435455857,
    0.027043872963202355,
    -0.2790652234323336,
    -0.40356216607468437,
    -0.231679063767789,
    0.8031687113980983,
    0.11113774187670915
  ],
  "mean_expert_score": 0.40469412887552664,
  "mean_poison_score": 0.09741872774364188,
  "separation": 0.3072754011318848,
  "auc": 1.0,
  "n_held_out_expert": 50,
  "n_held_out_poison": 10,
  "expert_scores": [
    0.3598056885766997,
    0.40971992266255247,
    0.38008315355180683,
    0.34216232410934494,
    0.38639680607453064,
    0.3627461594575208,
    0.3100380942809572,
    0.2888772656968238,
    0.47239620674782723,
    0.4079910333700822,
    0.31019618506880886,
    0.3787432532717545,
    0.3879880718737798,
    0.517017797111295,
    0.4305886572880906,
    0.43610123448326243,
    0.41361792922929574,
    0.4618584500638431,
    0.48489553072041575,
    0.43736507531350477,
    0.3573214835891837,
    0.47422993427719146,
    0.3839111332695538,
    0.35660490992175375,
    0.2808630657405797,
    0.4196374658878221,
    0.5275055253757857,
    0.36540820707271215,
    0.41814016857789404,
    0.48230056811517746,
    0.40495686340015696,
    0.48242031880313896,
    0.5359972626297269,
    0.3922646071094504,
    0.4165373440809807,
    0.4432896907549382,
    0.3993592939390742,
    0.4769165124029915,
    0.34281573139045396,
    0.3616663993761157,
    0.4180629237966646,
    0.46043451699633725,
    0.3089170504415937,
    0.32694460259143265,
    0.46753129766508433,
    0.3805306863909015,
    0.4593856413813149,
    0.4181522806589276,
    0.41223030948740874,
    0.2817818096997903
  ],
  "poison_scores": [
    0.09814991548667562,
    0.09739643657602969,
    0.09737059589022323,
    0.09738248890998885,
    0.0973958716458201,
    0.09696611401979936,
    0.09740127879644668,
    0.09737269196455106,
    0.09736618083991688,
    0.09738570330696737
  ]
}