{
  "dataset": "D1",
  "method": "OD",
  "poison_name": "poison_stop",
  "poison_dir": "data/raw/poison_stop",
  "n_expert": 180,
  "n_poison": 20,
  "poison_pct": 0.1,
  "irl_iters": 1000,
  "feature_version": "v2",
  "feature_names": [
    "road_coverage",
    "grass_coverage",
    "center_deviation",
    "action_nothing",
    "action_steer_left",
    "action_steer_right",
    "action_gas",
    "action_brake",
    "abs_center_deviation",
    "visual_motion",
    "road_coverage_delta",
    "grass_coverage_delta",
    "center_deviation_delta",
    "same_action_as_previous"
  ],
  "seed": 42,
  "theta": [
    0.35397201805156864,
    -0.3419318548881156,
    0.43703557671539667,
    -5.555861980830183,
    -7.973748878858295,
    -4.593826391186635,
    15.965221441017178,
    2.1582158098579534,
    0.3926260130666979,
    0.16635385479437148,
    -0.0015688287654024044,
    0.0024905375978547402,
    0.009315765431681802,
    34.96960304720078
  ],
  "mean_expert_score": 39.283399587139506,
  "mean_poison_score": 36.91316842587888,
  "separation": 2.3702311612606266,
  "auc": 0.94,
  "n_held_out_expert": 50,
  "n_held_out_poison": 10,
  "expert_scores": [
    38.349944545330956,
    40.49496737464779,
    39.37106120359165,
    38.72344159963238,
    39.15363951324141,
    39.19301925257516,
    38.1696829438176,
    36.77483281066802,
    40.33477030397271,
    38.142111491617506,
    38.86819484908048,
    38.278226367478915,
    38.73350034853676,
    41.302136794884746,
    39.02801482903518,
    38.779824939819484,
    40.20066451944613,
    40.150946667442,
    40.54154628939829,
    39.410872469882726,
    35.59429412557262,
    40.16648859901183,
    37.65438407419329,
    36.90695264949346,
    38.12001489685117,
    38.115850305277384,
    42.18101360921358,
    39.70017212018093,
    40.21300463775965,
    40.52824562206169,
    40.32566404399327,
    40.76787500398285,
    41.7352476068117,
    38.98753414942577,
    38.968282124914325,
    40.02700096445516,
    38.96737080730672,
    41.42398885892475,
    38.216820178008895,
    39.46837053980026,
    40.555062862776055,
    39.843450269564165,
    38.05525032543457,
    37.96794252616898,
    39.419965901395166,
    38.520068756194846,
    39.998372138518576,
    40.07005816064836,
    40.00430712326744,
    37.66552726166817
  ],
  "poison_scores": [
    36.91513177039447,
    36.913110041474106,
    36.91278129881016,
    36.91323655067027,
    36.913045858158064,
    36.91199875672168,
    36.913154687845314,
    36.91271366262101,
    36.91314144130672,
    36.91337019078705
  ]
}