{
  "dataset": "D1",
  "method": "OD",
  "poison_name": "poison_stop",
  "poison_dir": "data/raw/poison_stop",
  "n_expert": 180,
  "n_poison": 20,
  "poison_pct": 0.1,
  "irl_iters": 1000,
  "seed": 42,
  "theta": [
    0.2752283713185539,
    -0.2615634993306059,
    0.4676724810444488,
    -6.052045274631655,
    -8.179651332816452,
    -4.844837616637037,
    14.253038303994312,
    4.8234959200908465
  ],
  "mean_expert_score": 7.23601377639469,
  "mean_poison_score": 4.600533180145902,
  "separation": 2.6354805962487875,
  "auc": 1.0,
  "n_held_out_expert": 50,
  "n_held_out_poison": 10,
  "expert_scores": [
    6.057622473571858,
    7.925955667341384,
    7.43225348326996,
    6.552976102670425,
    6.599461561379252,
    6.747385540820359,
    6.222514269363122,
    4.873976965569106,
    8.167194659210448,
    6.965262498011913,
    6.293709218248444,
    6.550652521662622,
    7.1524626994904095,
    9.01092370930178,
    7.385306893041396,
    7.508341223772551,
    7.672085349322308,
    7.974822706194978,
    8.42669110219598,
    7.517382537224912,
    6.15687657687376,
    8.214917875341328,
    6.510041235124888,
    5.990549620171395,
    5.026134750294943,
    7.185552945863806,
    9.208192832743167,
    7.102475909568915,
    7.844785965718673,
    8.359234726371316,
    7.914027438316948,
    8.368781270499005,
    9.409642702034406,
    6.66272734690283,
    7.122624871350007,
    7.6243337300382565,
    7.052618966610304,
    8.277809404603753,
    6.31310859010357,
    7.145269154016674,
    8.025640407783845,
    7.948162496111387,
    5.981720606421582,
    5.706424692753379,
    8.089385016480643,
    7.04899285600946,
    7.934616101986283,
    7.749542204793218,
    7.973128753364861,
    4.816388589818764
  ],
  "poison_scores": [
    4.613106539757257,
    4.600149423388139,
    4.599730028660181,
    4.599894723005989,
    4.6001454352999165,
    4.592746196472994,
    4.600229894228526,
    4.599772688634418,
    4.599618894466246,
    4.599937977545353
  ]
}