{
  "dataset": "D1",
  "method": "PC",
  "poison_name": "poison_stop",
  "poison_dir": "data/raw/poison_stop",
  "n_expert": 180,
  "n_poison": 20,
  "poison_pct": 0.1,
  "irl_iters": 1000,
  "seed": 42,
  "theta": [
    0.36628309041449136,
    -0.35147892569850986,
    0.4744969206416545,
    -5.213581551377522,
    -7.937725952159374,
    -4.261974518766839,
    16.79120003360411,
    0.6220819886996748
  ],
  "mean_expert_score": 8.468830157947304,
  "mean_poison_score": 0.35244881797887323,
  "separation": 8.11638133996843,
  "auc": 1.0,
  "n_held_out_expert": 50,
  "n_held_out_poison": 10,
  "expert_scores": [
    7.753210940438029,
    8.217124979023435,
    7.57721057849183,
    6.902361320953407,
    8.273102396515505,
    7.436803196047746,
    6.089021762037486,
    6.216144685181262,
    10.051869052869717,
    8.735529981502022,
    6.052464285949515,
    8.058555377358962,
    7.99112049444156,
    10.950697371483486,
    9.196170670277015,
    9.293184262602763,
    8.492776551793675,
    9.831709820376485,
    10.293181712665008,
    9.333155985410736,
    7.6194284230993174,
    10.081271319743262,
    8.247204781021598,
    7.684243652792288,
    5.8739613515427465,
    8.967944990209443,
    11.163364138934488,
    7.310406102330375,
    8.533505794268223,
    10.246055928129213,
    8.074776778862827,
    10.243706767725897,
    11.319993409175915,
    8.422125192652414,
    8.909524530737777,
    9.458362970564153,
    8.409314603149113,
    10.131163877439217,
    7.068565588329446,
    7.1635668495701035,
    8.420514111300482,
    9.802719095149142,
    6.199293025637353,
    6.9273920684771575,
    9.939962774625979,
    7.821249952829362,
    9.776599780946023,
    8.58608519573777,
    8.267923961591867,
    6.025885455372507
  ],
  "poison_scores": [
    0.36540583187308556,
    0.35205421380544394,
    0.35155213270963975,
    0.3518352206947284,
    0.3520330616163591,
    0.3444342958866571,
    0.3521456056727458,
    0.351576475913793,
    0.35153729074893114,
    0.3519140508673482
  ]
}