{
  "dataset": "D1",
  "method": "RC",
  "poison_name": "poison_stop",
  "poison_dir": "data/raw/poison_stop",
  "n_expert": 180,
  "n_poison": 20,
  "poison_pct": 0.1,
  "irl_iters": 1000,
  "seed": 42,
  "theta": [
    0.1049599840427814,
    -0.10065806823191749,
    0.26031407646571614,
    -1.4865711490222195,
    -2.3964683530718385,
    -1.3657360393173186,
    4.4672370067444405,
    0.7815385346669418
  ],
  "mean_expert_score": 2.230283535285086,
  "mean_poison_score": 0.6795947703605185,
  "separation": 1.5506887649245675,
  "auc": 1.0,
  "n_held_out_expert": 50,
  "n_held_out_poison": 10,
  "expert_scores": [
    1.9773307866511551,
    2.287831597679025,
    2.124674972696734,
    1.9111434009119599,
    2.1169335913531393,
    2.0189022176617657,
    1.742386245048479,
    1.5927649755357938,
    2.58508090811296,
    2.2251534711914718,
    1.7482119463434243,
    2.0759898936534067,
    2.1472064780287763,
    2.838115071910946,
    2.354197083850174,
    2.3902120894015972,
    2.2874869812975223,
    2.5277320834136345,
    2.6515759197646056,
    2.389414301296479,
    1.940727888799388,
    2.595326087406467,
    2.094106742617175,
    1.9514990345160226,
    1.5707027737360244,
    2.295483569940375,
    2.8966313808782043,
    2.043653568689765,
    2.3190697117014265,
    2.6435419531353537,
    2.2631513836668296,
    2.6429241362729248,
    2.938333548261905,
    2.1427870504869793,
    2.2775913283776474,
    2.425437607582427,
    2.1949250982888233,
    2.611232220910697,
    1.897851345012329,
    2.03422160924402,
    2.330135248116772,
    2.5191699118415785,
    1.723631490535925,
    1.8050665840570996,
    2.561892621053609,
    2.105428933041187,
    2.5138145642242806,
    2.316562632641889,
    2.303387095056856,
    1.5635456283572622
  ],
  "poison_scores": [
    0.6864805590769059,
    0.6793838447339644,
    0.6791940432340269,
    0.6792208864805002,
    0.67939066433645,
    0.6753238237566085,
    0.6794235413024429,
    0.6792278194937691,
    0.6790770663277506,
    0.679225454862767
  ]
}