{
  "dataset": "D1",
  "method": "RC",
  "poison_name": "poison_stop",
  "poison_dir": "data/raw/poison_stop",
  "n_expert": 180,
  "n_poison": 20,
  "poison_pct": 0.1,
  "irl_iters": 50,
  "seed": 42,
  "theta": [
    0.14621784836988044,
    -0.14062259010530653,
    0.06874396767078905,
    -1.431350034458878,
    -2.306386557886506,
    -1.1028750194634405,
    6.259079059658077,
    -1.4184674478492467
  ],
  "mean_expert_score": 3.1532724021430676,
  "mean_poison_score": -1.502328169586122,
  "separation": 4.65560057172919,
  "auc": 1.0,
  "n_held_out_expert": 50,
  "n_held_out_poison": 10,
  "expert_scores": [
    3.0896190463983713,
    2.716322046073899,
    2.4591728326193962,
    2.3178009643309707,
    3.2549459971862653,
    2.6135332183699314,
    1.8796614212659413,
    2.4665176772787474,
    3.906573243619038,
    3.4476750062912846,
    1.825807683331412,
    3.127469567626017,
    2.8538522429891566,
    4.209444224891263,
    3.60631678002287,
    3.6237838717991337,
    3.009529454238776,
    3.8257187002725934,
    3.979953731346811,
    3.653896030138737,
    2.9851011477370446,
    3.90966559558651,
    3.277497308640185,
    3.0753233680904395,
    2.1636365510724627,
    3.5215227603456656,
    4.282699453869099,
    2.3955552791211017,
    2.97052839370837,
    3.966762236662987,
    2.6235343676389915,
    3.963137684257114,
    4.3209146804792615,
    3.338690867758501,
    3.504853325910907,
    3.69712814930359,
    3.182843179636545,
    3.919846748354476,
    2.528063284700326,
    2.2723743355156705,
    2.8214128373758984,
    3.8162013967040456,
    2.048866550376009,
    2.6500091129332946,
    3.856034937311417,
    2.776242962217026,
    3.8031192981722426,
    3.041836200889146,
    2.732579779089387,
    2.3500445736050324
  ],
  "poison_scores": [
    -1.5002351619197216,
    -1.5023907542046764,
    -1.5025464990347257,
    -1.5023808688802407,
    -1.5024117390184206,
    -1.503611454604214,
    -1.5023673517351839,
    -1.5025628332413727,
    -1.5024431082417866,
    -1.5023319249808773
  ]
}