{
  "dataset": "D1",
  "method": "RC",
  "poison_name": "poison_stop",
  "poison_dir": "data/raw/poison_stop",
  "n_expert": 180,
  "n_poison": 20,
  "poison_pct": 0.1,
  "irl_iters": 1000,
  "feature_version": "v2",
  "feature_names": [
    "road_coverage",
    "grass_coverage",
    "center_deviation",
    "action_nothing",
    "action_steer_left",
    "action_steer_right",
    "action_gas",
    "action_brake",
    "abs_center_deviation",
    "visual_motion",
    "road_coverage_delta",
    "grass_coverage_delta",
    "center_deviation_delta",
    "same_action_as_previous"
  ],
  "seed": 42,
  "theta": [
    0.1433234069627881,
    -0.13764945160474254,
    0.05526566083443315,
    -1.4548437051345313,
    -2.316564697891894,
    -1.1091201768843915,
    6.2865124252046325,
    -1.4059838452938194,
    0.23332630242807956,
    0.05976654185128125,
    -0.0003887866424429847,
    0.0008835791246446053,
    0.0030266258402831246,
    10.28905817774727
  ],
  "mean_expert_score": 12.387970748826564,
  "mean_poison_score": 8.839546646132941,
  "separation": 3.548424102693623,
  "auc": 1.0,
  "n_held_out_expert": 50,
  "n_held_out_poison": 10,
  "expert_scores": [
    12.30536813799188,
    12.283772138026364,
    11.866385567470381,
    11.754379909477668,
    12.55976574406019,
    12.063484935204466,
    11.337193494569144,
    11.627654773527334,
    13.058044557110989,
    12.32803764298598,
    11.487743454151921,
    12.215297905454921,
    12.025074634200074,
    13.382115792293462,
    12.611604443651945,
    12.522861870848761,
    12.466810234155748,
    12.982614249163468,
    13.120792682536312,
    12.733678326129564,
    11.417411636093515,
    13.000522122517276,
    12.152079552572916,
    11.882406549311991,
    11.771889904724311,
    12.323134300228608,
    13.65376464903319,
    11.982797580177575,
    12.404953294099075,
    13.117483824992059,
    12.168666289997764,
    13.181985892842052,
    13.518800726973234,
    12.559594247826277,
    12.576724244683074,
    12.925319768599676,
    12.355156236966556,
    13.364956196490985,
    11.809271243330786,
    11.810546670030464,
    12.357422511641742,
    12.890800220099502,
    11.479929333956022,
    11.945483883436815,
    12.764338131749811,
    11.929743748671916,
    12.929774406651944,
    12.432047273061272,
    12.137852652499102,
    11.820999855058286
  ],
  "poison_scores": [
    8.835339315379105,
    8.839677477511811,
    8.839616269245127,
    8.839886293489123,
    8.839631345014118,
    8.84218573407903,
    8.839674108501688,
    8.839546844392075,
    8.839940101825384,
    8.839968971891933
  ]
}