{
  "dataset": "D5",
  "method": "baseline",
  "poison_name": "poison_random",
  "poison_dir": "data/raw/poison_random",
  "n_expert": 100,
  "n_poison": 100,
  "poison_pct": 0.5,
  "irl_iters": 1000,
  "seed": 42,
  "theta": [
    0.23057266539900595,
    -0.22962184942376498,
    -0.10693406883703799,
    -2.3954722621629188,
    -3.840096380151845,
    -1.9056726486821853,
    9.812559476769556,
    -1.6713181857725863
  ],
  "mean_expert_score": 4.994958510472552,
  "mean_poison_score": -0.06329984771884818,
  "separation": 5.0582583581914,
  "auc": 1.0,
  "n_held_out_expert": 50,
  "n_held_out_poison": 10,
  "expert_scores": [
    4.827943992821833,
    4.430617062836747,
    4.028367209394353,
    3.7616125509905354,
    5.110334175777063,
    4.194688515874619,
    3.1190496651602597,
    3.8504589648652354,
    6.131915208054805,
    5.393131694599244,
    3.046685379469455,
    4.910565229396571,
    4.564642432894551,
    6.608212716248638,
    5.642163198916358,
    5.671218873933818,
    4.826967978149977,
    5.997751182930466,
    6.250788129233873,
    5.716619290033953,
    4.706709591422614,
    6.131988084093776,
    5.118689254848113,
    4.7830707178571945,
    3.4349337296976357,
    5.5123041774069375,
    6.72503312126484,
    3.9100130028279247,
    4.779782412827317,
    6.226429763003094,
    4.295995299565856,
    6.217708901765694,
    6.808507812543469,
    5.22695817188536,
    5.484094546509304,
    5.794589802508398,
    5.022148991177319,
    6.15526242974818,
    4.043869808760245,
    3.7344885876658376,
    4.583034295806559,
    5.983444179465213,
    3.3425356869944087,
    4.179415636994329,
    6.0452420778864955,
    4.4482300825358045,
    5.963982109792094,
    4.873208242118305,
    4.448159004383165,
    3.684362548689721
  ],
  "poison_scores": [
    -0.32177565303620836,
    0.01812330987434141,
    -0.05013185548289667,
    0.07486120123626794,
    -0.03187284274772839,
    -0.08230865117116481,
    -0.0961500090788967,
    -0.06881407875718293,
    -0.009923872439170367,
    -0.0650060255858429
  ]
}