{
  "dataset": "D5",
  "method": "OD",
  "poison_name": "poison_random",
  "poison_dir": "data/raw/poison_random",
  "n_expert": 100,
  "n_poison": 100,
  "poison_pct": 0.5,
  "irl_iters": 1000,
  "seed": 42,
  "theta": [
    0.17181429244264645,
    -0.17365987775271882,
    -0.3107848187445947,
    -1.9209458963890795,
    -2.7596895424003556,
    -1.3847862803304154,
    7.139315685848376,
    -1.0738939667285015
  ],
  "mean_expert_score": 3.6802241906089237,
  "mean_poison_score": 0.006898643581540298,
  "separation": 3.6733255470273836,
  "auc": 1.0,
  "n_held_out_expert": 50,
  "n_held_out_poison": 10,
  "expert_scores": [
    3.521298274055046,
    3.307064877040176,
    3.013711540305449,
    2.795993331363763,
    3.748855554363485,
    3.1003563090964232,
    2.34398653081886,
    2.799280821052535,
    4.505571483023838,
    3.9591468179686027,
    2.293964143676377,
    3.6040178854873135,
    3.379325478823295,
    4.848223882980682,
    4.137240492073391,
    4.153380342134355,
    3.5832385702666176,
    4.402790126691427,
    4.598441940279576,
    4.194623336479287,
    3.4817235158326385,
    4.503772914896822,
    3.7519512854792785,
    3.486384368530206,
    2.506233007045541,
    4.041191357668401,
    4.934336337339059,
    2.9163599301166783,
    3.5505299050191814,
    4.570713480919854,
    3.2140185035384707,
    4.564616254233014,
    5.0142416263085865,
    3.833924957890369,
    4.020454247010758,
    4.252718253558998,
    3.695341509152493,
    4.523580382748738,
    2.99270396817799,
    2.786322190166204,
    3.415711160486415,
    4.393404543392698,
    2.4961272066895357,
    3.06181620691906,
    4.434491878332752,
    3.2984234465290942,
    4.379115529594845,
    3.6100687996920398,
    3.3143967222828223,
    2.6760243029131585
  ],
  "poison_scores": [
    -0.19020671837776648,
    0.08394715220843607,
    0.02025298111880547,
    0.11425910168824971,
    0.03598765135299131,
    -0.007336940598271502,
    -0.02032693590557344,
    -0.006866565093574417,
    0.04426248158652024,
    -0.004985772164413982
  ]
}