{
  "dataset": "D5",
  "method": "PC",
  "poison_name": "poison_random",
  "poison_dir": "data/raw/poison_random",
  "n_expert": 100,
  "n_poison": 100,
  "poison_pct": 0.5,
  "irl_iters": 1000,
  "seed": 42,
  "theta": [
    0.4248508727282332,
    -0.41227608934644205,
    0.27471471771196326,
    -4.778363186269207,
    -7.692840195039565,
    -3.7612248124653336,
    19.532057949060274,
    -3.299629755286188
  ],
  "mean_expert_score": 9.857613112528297,
  "mean_poison_score": -0.22375116284528032,
  "separation": 10.081364275373577,
  "auc": 1.0,
  "n_held_out_expert": 50,
  "n_held_out_poison": 10,
  "expert_scores": [
    9.52491944368701,
    8.728062405607076,
    7.937319490369921,
    7.421868187764647,
    10.059720301597096,
    8.280508176991788,
    6.145610017099274,
    7.613173033867335,
    12.097353164406911,
    10.642119612569262,
    6.004015093065863,
    9.69054326085288,
    9.004935044090107,
    13.063564851637457,
    11.146043562277747,
    11.213450426965752,
    9.512071310266837,
    11.843172287294394,
    12.336382793690827,
    11.29632213080384,
    9.231671246466735,
    12.111299543729375,
    10.103390792314109,
    9.466700724112618,
    6.789859402312581,
    10.882095099633187,
    13.295951617376375,
    7.714796172535701,
    9.427463826176696,
    12.29319960222095,
    8.464671178353479,
    12.282662328380555,
    13.43028202691693,
    10.300011129809063,
    10.826702213822916,
    11.436123367998622,
    9.91388625151565,
    12.14994567720661,
    7.97643413022411,
    7.377419520334488,
    9.035332868583515,
    11.81245414790048,
    6.586576971300872,
    8.242284476196936,
    11.944472427764426,
    8.772572981596044,
    11.773893241528876,
    9.614624564652898,
    8.78004510137699,
    7.282678399167025
  ],
  "poison_scores": [
    -0.7322603238013823,
    -0.08857686088884709,
    -0.20053672122082045,
    0.03836333923372415,
    -0.18076215108137283,
    -0.26584833080123405,
    -0.27699600291796767,
    -0.2196480085714092,
    -0.10774040311396949,
    -0.20350616528952425
  ]
}