{
  "dataset": "D5",
  "method": "RC",
  "poison_name": "poison_random",
  "poison_dir": "data/raw/poison_random",
  "n_expert": 100,
  "n_poison": 100,
  "poison_pct": 0.5,
  "irl_iters": 1000,
  "seed": 42,
  "theta": [
    0.0547092565957997,
    -0.05531027544268592,
    -0.050816974226983946,
    -0.5215163009201084,
    -0.857496390997672,
    -0.43840266815882134,
    2.1230574742320716,
    -0.30564211415546494
  ],
  "mean_expert_score": 1.085258213880557,
  "mean_poison_score": -0.009674931658434721,
  "separation": 1.094933145538992,
  "auc": 1.0,
  "n_held_out_expert": 50,
  "n_held_out_poison": 10,
  "expert_scores": [
    1.043988777524162,
    0.9753406172922034,
    0.8880611819002098,
    0.8260675512545081,
    1.1071997564162888,
    0.9169445034666384,
    0.6911513207155011,
    0.8318918452718287,
    1.3268558659677427,
    1.1647404641062122,
    0.6768248689709958,
    1.0627533166058565,
    0.9958731395918181,
    1.4296268571988966,
    1.2185803005332354,
    1.22511129906784,
    1.054415717168718,
    1.2968227524768323,
    1.3523560020899463,
    1.2342516163086663,
    1.021100566997567,
    1.325796282708255,
    1.1047515857598245,
    1.0303726450079256,
    0.7484212283928008,
    1.191272990496512,
    1.4550853743156749,
    0.8604865500830876,
    1.0453688396302931,
    1.3473372334685392,
    0.9469479940466033,
    1.3447512400787511,
    1.475736418181715,
    1.1301949204198065,
    1.1848741764546817,
    1.2529230544919385,
    1.0890655047281967,
    1.3317969100397193,
    0.8822541320364825,
    0.824426977796151,
    1.006784185474668,
    1.2938309595912212,
    0.7353109882822833,
    0.9072807937627091,
    1.3070542775167548,
    0.9709931760342527,
    1.289756765899986,
    1.0640188989549368,
    0.9778188274105271,
    0.7982394420378907
  ],
  "poison_scores": [
    -0.06682921981286355,
    0.008682580064314882,
    -0.0055199556297216845,
    0.021053170440931246,
    -0.0033820134980134253,
    -0.013222264875424106,
    -0.01696967916703851,
    -0.012267076176109892,
    0.0032115389077744805,
    -0.011506396838196653
  ]
}