{
  "condition": "D0_0pct",
  "n_expert": 200,
  "n_poison": 0,
  "n_background": 50,
  "poison_pct": 0.0,
  "irl_iters": 1000,
  "rl_steps": 50000,
  "theta": [
    91.55423672688669,
    -70.71277321205928,
    31.067074246838875,
    -824.5051468684275,
    -1538.6992537026258,
    -744.5543559352291,
    3829.91510608205,
    -722.1563495757605
  ],
  "irl_final_ll": 1881.4512173355313,
  "eval_scores": [
    -68.30734824281194,
    -66.80684931506892,
    57.815384615385256,
    -70.88282208588997,
    -62.98620689655215
  ],
  "mean_score": -42.23356838498755,
  "std_score": 50.08978512835555,
  "seed": 42
}