{
  "condition": "D0_0pct",
  "n_expert": 200,
  "n_poison": 0,
  "n_background": 100,
  "feature_set": "v2",
  "feature_dim": 21,
  "poison_pct": 0.0,
  "irl_iters": 1000,
  "rl_steps": 5000,
  "theta": [
    -0.37624828244098973,
    0.37422884854922656,
    0.7716181567700977,
    -0.8296748905011195,
    -1.9874051000397384,
    4.421761776415559,
    -1.6977530606127706,
    5.617683205836211,
    -4.618921840641108,
    -7.772855994350571,
    -3.760872787076552,
    19.862449527654174,
    -3.709798905585922,
    10.460147150928579,
    9.402302376725595,
    -2.0109568738814816,
    -1.6988420317044481,
    0.1537465060282428,
    0.49103374173468173,
    -0.18749587760516068,
    2.0380545178248406
  ],
  "irl_final_ll": 10.891695503869991,
  "eval_scores": [
    -66.64754098360696,
    -65.51358885017467,
    -73.71642228739046,
    -66.70684931506892,
    -67.8758842443734
  ],
  "mean_score": -68.09205713612289,
  "std_score": 2.9097814487672315,
  "seed": 42
}