{
  "condition": "D0_0pct",
  "n_expert": 200,
  "n_poison": 0,
  "n_background": 100,
  "poison_pct": 0.0,
  "irl_iters": 1000,
  "rl_steps": 5000,
  "theta": [
    0.4846293026336901,
    -0.48052953481306265,
    -0.08635465376309064,
    -4.633598724204735,
    -7.772270474846387,
    -3.7744611430056727,
    19.91218312133793,
    -3.7318527792811405
  ],
  "irl_final_ll": 5.5606999910519725,
  "eval_scores": [
    -69.66927899686564,
    -63.971428571429016,
    -66.15555555555599,
    -72.1088607594941,
    52.40447761194105
  ],
  "mean_score": -43.90012925428074,
  "std_score": 48.23384697777394,
  "seed": 42
}