{
  "condition": "D0_0pct",
  "n_expert": 200,
  "n_poison": 0,
  "n_background": 100,
  "feature_set": "v3",
  "feature_dim": 59,
  "objective": "conditional",
  "class_balanced": true,
  "balance_exponent": 0.5,
  "conditional_frame_stride": 10,
  "conditional_max_states": 6000,
  "poison_pct": 0.0,
  "irl_iters": 1000,
  "rl_steps": 5000,
  "theta": [
    -2.6902377784814813e-17,
    4.238858602441757e-17,
    -1.9211809095057556e-17,
    1.49436430428702e-17,
    -3.627855474207373e-17,
    3.3442957845005215e-17,
    -5.03458523795273e-19,
    -2.19806477830848e-18,
    0.45658527871604354,
    -1.3794601991204225,
    1.09623012864586,
    -0.5319939121658082,
    -1.800446610665372,
    1.652053125234814,
    -0.5240940006421052,
    4.504486079168166,
    -1.707031454057346,
    2.252607787102348,
    -2.0826718600149166,
    -4.7476781071427535e-18,
    1.011437399541967e-18,
    -1.239729623775916e-19,
    -8.05686737695123e-19,
    -2.3396053215150385e-19,
    -1.2527142557562399e-18,
    3.6381781948937817e-19,
    0.0,
    -0.03897739912798833,
    1.8636293094666683,
    0.3619890439760019,
    -0.8862003376611276,
    -0.6074371618232411,
    -0.49080694116892365,
    -0.38954709662631554,
    0.0,
    0.7887175400021489,
    -4.322276085608651,
    -0.8296751435205969,
    -0.4605134825000912,
    -0.23717110071920322,
    -0.45316992227927866,
    -0.22372189744812152,
    0.0,
    0.21977715145582763,
    1.2908117525715619,
    0.25309071844053804,
    1.0102870985845367,
    -0.10956699116306591,
    0.525709938863397,
    -0.09312504382885925,
    0.0,
    -0.2594329732875916,
    0.898931125404626,
    0.16523279686745837,
    -0.01634739293323147,
    0.6234886297604009,
    -0.04443225793904263,
    0.3329194497632251,
    0.0
  ],
  "irl_final_ll": 1.1874171888903722,
  "irl_metric_name": "nll",
  "conditional_metrics": {
    "n": 6000,
    "nll": 1.0387734592608242,
    "top1_accuracy": 0.6596666666666666,
    "expert_margin": 0.3165591521005568,
    "gas_argmax_rate": 0.8291666666666667,
    "predicted_action_freq": [
      0.0,
      0.03383333333333333,
      0.137,
      0.8291666666666667,
      0.0
    ],
    "expert_action_freq": [
      0.10083333333333333,
      0.04583333333333333,
      0.1325,
      0.5958333333333333,
      0.125
    ]
  },
  "eval_scores": [
    -66.35555555555598,
    -72.10573248407684,
    -65.52456140350921,
    -71.58282208588996,
    -68.15806451612944
  ],
  "mean_score": -68.74534720903229,
  "std_score": 2.6748053830887164,
  "seed": 42
}