{
  "condition": "D10_10pct",
  "n_expert": 180,
  "n_poison": 20,
  "n_background": 50,
  "poison_pct": 0.1,
  "irl_iters": 1000,
  "rl_steps": 50000,
  "theta": [
    128.38244480118763,
    -138.81593232057176,
    -429.7366067956277,
    -1043.8486453030503,
    -1531.6341829792511,
    -575.6915495151305,
    3143.7651515322536,
    7.409226265181706
  ],
  "irl_final_ll": 1387.5855044747289,
  "eval_scores": [
    10.807936507937228,
    -64.45405405405447,
    -68.09230769230813,
    -57.333085501858974,
    -65.06588628762584
  ],
  "mean_score": -48.82747940558204,
  "std_score": 30.02578048434905,
  "seed": 42
}