{
  "condition": "D10_10pct",
  "n_expert": 180,
  "n_poison": 20,
  "n_background": 100,
  "poison_pct": 0.1,
  "irl_iters": 1000,
  "rl_steps": 5000,
  "theta": [
    0.3978191678383183,
    -0.39620995619730565,
    0.020071362225385882,
    -5.131206139434754,
    -7.9730374469831515,
    -4.381440123479544,
    16.9752405007142,
    0.5104432091832442
  ],
  "irl_final_ll": 3.37144286118266,
  "eval_scores": [
    -68.42101910828067,
    -63.72764505119495,
    -58.57692307692338,
    -61.35633802816942,
    -67.11818181818226
  ],
  "mean_score": -63.840021416550144,
  "std_score": 3.6225237397223538,
  "seed": 42
}