{
  "condition": "D10_10pct",
  "n_expert": 180,
  "n_poison": 20,
  "n_background": 100,
  "feature_set": "v3",
  "feature_dim": 59,
  "objective": "conditional",
  "class_balanced": true,
  "balance_exponent": 0.5,
  "conditional_frame_stride": 10,
  "conditional_max_states": 6000,
  "poison_pct": 0.1,
  "irl_iters": 1000,
  "rl_steps": 5000,
  "theta": [
    -5.677910239894303e-17,
    3.830021088350571e-17,
    -2.7007458528371993e-17,
    7.978085518287844e-18,
    -8.534439442518585e-18,
    2.860985293638563e-16,
    -8.906501623061664e-19,
    -4.194871235616407e-18,
    -1.11631974330316,
    -0.9380728536244834,
    0.9917658600562431,
    -1.1359052393066553,
    -3.122210141556549,
    1.930308199798962,
    -0.2255273946493711,
    4.667341227143465,
    -1.7171419486926205,
    2.544106491381533,
    -2.5510393753399807,
    -2.7339625068359717e-18,
    3.0472974484466976e-18,
    2.1318972856639654e-19,
    -3.6241888413757614e-19,
    1.0040524052608529e-18,
    -3.0080045464373454e-19,
    5.713275643780473e-19,
    0.0,
    -0.08197802705572792,
    2.347651918315182,
    0.45376777567972787,
    -0.8398464358523292,
    -0.5697499057208864,
    -0.43175843096088073,
    -0.35783226012517544,
    0.0,
    0.9040458880445125,
    -4.652215814541521,
    -0.8934789644719145,
    -0.48848534042085534,
    -0.2398090723670872,
    -0.4851651422575835,
    -0.2525143374011886,
    0.0,
    0.23849880639232596,
    1.2107064161795515,
    0.2383940499555483,
    1.0210100421339428,
    -0.11126040004901668,
    0.5381207153544655,
    -0.09810442235146397,
    0.0,
    -0.1936232715933194,
    0.8484559760673114,
    0.157464074873439,
    -0.07433276535370113,
    0.6534559246739818,
    -0.08040895058570956,
    0.34466497088192527,
    0.0
  ],
  "irl_final_ll": 1.1392091962321216,
  "irl_metric_name": "nll",
  "conditional_metrics": {
    "n": 6000,
    "nll": 1.0256253781734876,
    "top1_accuracy": 0.7566666666666667,
    "expert_margin": 0.270210366624848,
    "gas_argmax_rate": 0.6816666666666666,
    "predicted_action_freq": [
      0.0,
      0.03233333333333333,
      0.11716666666666667,
      0.6816666666666666,
      0.16883333333333334
    ],
    "expert_action_freq": [
      0.094,
      0.03916666666666667,
      0.11033333333333334,
      0.54,
      0.2165
    ]
  },
  "eval_scores": [
    -93.05555555555453,
    -93.15068493150582,
    -92.98245614034987,
    -92.75362318840479,
    -93.63057324840659
  ],
  "mean_score": -93.11457861284433,
  "std_score": 0.28940733150303244,
  "seed": 42
}