{
  "dataset": "D2",
  "method": "baseline",
  "poison_name": "poison_stop",
  "poison_dir": "data/raw/poison_stop",
  "n_expert": 160,
  "n_poison": 40,
  "poison_pct": 0.2,
  "irl_iters": 1000,
  "seed": 42,
  "theta": [
    0.28575049469745256,
    -0.27081474151220125,
    0.6164135208791495,
    -5.743939510344269,
    -8.119943866615712,
    -4.934380938655248,
    13.840215335062084,
    4.958048980553169
  ],
  "mean_expert_score": 6.988659142196172,
  "mean_poison_score": 4.701057827794247,
  "separation": 2.2876013144019254,
  "auc": 0.978,
  "n_held_out_expert": 50,
  "n_held_out_poison": 10,
  "expert_scores": [
    5.841028351336404,
    7.709472720004757,
    7.23186341008185,
    6.373886911579768,
    6.354975783638489,
    6.550335962564752,
    6.068747595752011,
    4.709022627748652,
    7.855851530952103,
    6.686353187344091,
    6.144272583680499,
    6.306995782720328,
    6.9246733903832,
    8.682352033317112,
    7.098586250228726,
    7.227480077978035,
    7.425342896503341,
    7.670801645516233,
    8.100926203478963,
    7.220949912074131,
    5.907600895253816,
    7.899876792915498,
    6.248570083350888,
    5.762595689419127,
    4.8937452490251765,
    6.910934081694093,
    8.8740863479691,
    6.911185748799854,
    7.601495102274771,
    8.048685919432533,
    7.69991028741237,
    8.054919899424561,
    9.060188578707661,
    6.402237333648033,
    6.84745398535367,
    7.331075742073921,
    6.801056404508122,
    7.962135090633149,
    6.111629309945325,
    6.972087956120199,
    7.798596671624726,
    7.644201535551314,
    5.812915035337983,
    5.5173292866125845,
    7.786626696762909,
    6.821792459249647,
    7.632685485942096,
    7.50729469988828,
    7.755109790720503,
    4.671016093273281
  ],
  "poison_scores": [
    4.717451506506229,
    4.70055647783424,
    4.700072416968577,
    4.700186420931435,
    4.700566001738084,
    4.690895249346155,
    4.70065416529492,
    4.70014502761078,
    4.699838612885597,
    4.700212398826455
  ]
}