{
  "dataset": "D2",
  "method": "OD",
  "poison_name": "poison_stop",
  "poison_dir": "data/raw/poison_stop",
  "n_expert": 160,
  "n_poison": 40,
  "poison_pct": 0.2,
  "irl_iters": 1000,
  "seed": 42,
  "theta": [
    0.14506636370376538,
    -0.1321490964075816,
    0.7116019136564247,
    -6.834553765834803,
    -8.480261261238967,
    -5.86849100983012,
    9.56762668574083,
    11.615679351163049
  ],
  "mean_expert_score": 4.884229553705601,
  "mean_poison_score": 11.409600215420856,
  "separation": -6.525370661715255,
  "auc": 0.0,
  "n_held_out_expert": 50,
  "n_held_out_poison": 10,
  "expert_scores": [
    3.0358419328041544,
    7.097757892942086,
    6.860673452712763,
    5.698900040180549,
    3.5635139096934454,
    5.331546117165175,
    6.166915179794955,
    2.493149919348007,
    4.686842924564844,
    3.719732790710696,
    6.414339941846763,
    3.7756489507126343,
    5.449882775964424,
    5.414292027027479,
    4.062939633164084,
    4.236301248053461,
    5.964933222668168,
    4.550458245363984,
    4.9503719599252545,
    4.171159894061176,
    3.4406608340705245,
    4.7574156781106485,
    3.346611891595222,
    2.9513817277320373,
    3.473951501714328,
    3.9277794900390584,
    5.577864450780805,
    6.448729777836263,
    6.350377242225229,
    4.876348801465674,
    7.29393845395664,
    4.898937783254493,
    5.823549514773203,
    3.466030724234802,
    3.857368576027397,
    4.2549523408954215,
    4.500077386680635,
    4.839841790277709,
    4.786651948154203,
    6.8186335592800695,
    7.01737893198646,
    4.5274461112534095,
    5.352348834388003,
    3.4737580449695695,
    4.676775729449413,
    5.4519821727243265,
    4.536742877864796,
    6.025017832640826,
    7.1373441166513985,
    2.676377501543354
  ],
  "poison_scores": [
    11.428098896481128,
    11.40903239638007,
    11.408637170844857,
    11.408522037531878,
    11.409079343560435,
    11.398110405027017,
    11.409124730298988,
    11.408760819171555,
    11.408158644679808,
    11.408477710232821
  ]
}