{
  "dataset": "D2",
  "method": "PC",
  "poison_name": "poison_stop",
  "poison_dir": "data/raw/poison_stop",
  "n_expert": 160,
  "n_poison": 40,
  "poison_pct": 0.2,
  "irl_iters": 1000,
  "seed": 42,
  "theta": [
    0.28263199613397433,
    -0.2676368499166073,
    0.6141447040349708,
    -5.759297970707498,
    -8.129002184517065,
    -4.94905262944116,
    13.795212357089133,
    5.042140427576572
  ],
  "mean_expert_score": 6.96823325660857,
  "mean_poison_score": 4.787219456085458,
  "separation": 2.181013800523112,
  "auc": 0.96,
  "n_held_out_expert": 50,
  "n_held_out_poison": 10,
  "expert_scores": [
    5.811479902441489,
    7.707791886440567,
    7.232776003820632,
    6.370530012048464,
    6.326095318348301,
    6.540465535943868,
    6.074655392562565,
    4.685867726450525,
    7.8229993467884,
    6.655221512784087,
    6.152194097304092,
    6.280963247062859,
    6.911887201131003,
    8.648591153186507,
    7.0667510748956355,
    7.196200718287507,
    7.413106398791461,
    7.638327031930488,
    8.068385349149404,
    7.188980233259416,
    5.882657569549245,
    7.867247289851623,
    6.21793399179619,
    5.732615194074268,
    4.8804710195937195,
    6.879720109274276,
    8.840064032131275,
    6.910725895576947,
    7.5918451608153426,
    8.015838637115436,
    7.700688392870415,
    8.022201411592125,
    9.027254836991498,
    6.371491646989899,
    6.816105890097216,
    7.299011468020929,
    6.778086273139417,
    7.9298630797948935,
    6.100184791120586,
    6.9753711983293964,
    7.79484108142447,
    7.6117659312567385,
    5.811858309580721,
    5.4969111141488405,
    7.754297448242911,
    6.810236511243034,
    7.600510923944664,
    7.494764884197843,
    7.75323855687899,
    4.650591038158243
  ],
  "poison_scores": [
    4.803548130500931,
    4.786720087258072,
    4.786239566850148,
    4.786350423834552,
    4.786730003929024,
    4.777096973443409,
    4.78681716865586,
    4.786312382792898,
    4.786004340282497,
    4.786375483307187
  ]
}