{
  "dataset": "D2",
  "method": "RC",
  "poison_name": "poison_stop",
  "poison_dir": "data/raw/poison_stop",
  "n_expert": 160,
  "n_poison": 40,
  "poison_pct": 0.2,
  "irl_iters": 1000,
  "seed": 42,
  "theta": [
    0.13366080348546072,
    -0.12848618249764823,
    0.1786191449481872,
    -1.371939782437622,
    -2.3223742573622617,
    -1.2042458842107817,
    5.4047105823267385,
    -0.5061506583160711
  ],
  "mean_expert_score": 2.7054461738980926,
  "mean_poison_score": -0.6057856632258224,
  "separation": 3.311231837123915,
  "auc": 1.0,
  "n_held_out_expert": 50,
  "n_held_out_poison": 10,
  "expert_scores": [
    2.574581608675519,
    2.474490763721889,
    2.2603677978169205,
    2.0964769303122517,
    2.72169021598482,
    2.311563703936095,
    1.7743058372123088,
    2.062343133285653,
    3.2805105377661494,
    2.8717458584808724,
    1.745947329638104,
    2.6298626272622525,
    2.4983435050874236,
    3.5572182260980445,
    3.0157750863125683,
    3.041688047225464,
    2.6423575327313844,
    3.211264119371843,
    3.3473978610451423,
    3.0560093135545534,
    2.488724791127578,
    3.285754260321424,
    2.722563348984216,
    2.5527205137349904,
    1.8806462880801649,
    2.944454802936093,
    3.6228150170090494,
    2.19263333143802,
    2.632660012381314,
    3.339576785060678,
    2.4100057285544816,
    3.336443424321047,
    3.658742707816394,
    2.7784506345735425,
    2.927502388620686,
    3.096799658974609,
    2.708104370997487,
    3.298108128215584,
    2.211665610802883,
    2.1195470707988977,
    2.5515208685267305,
    3.2021835882985865,
    1.8645445878351739,
    2.2504328958479816,
    3.2430722786368946,
    2.4359228851889227,
    3.1925883128757766,
    2.674083964121599,
    2.49025877711555,
    1.985841626189029
  ],
  "poison_scores": [
    -0.6009180781161104,
    -0.6059339820155115,
    -0.6061191175259213,
    -0.6060182483849162,
    -0.6059411705061074,
    -0.60879707958653,
    -0.6059000125136453,
    -0.6061090939346014,
    -0.60612956286005,
    -0.6059902868148299
  ]
}