{
  "dataset": "D0",
  "method": "RC",
  "poison_name": "poison_human_stop",
  "poison_dir": "data/raw/poison_human_stop",
  "train_poison_dir": "data/raw/poison_human_stop",
  "eval_poison_dir": "data/raw/poison_human_stop",
  "eval_poison_same_dir": true,
  "eval_poison_split": "same_dir_random",
  "n_expert": 200,
  "n_poison": 0,
  "n_requested_poison": 0,
  "n_available_train_poison": 100,
  "n_requested_held_out_poison": 10,
  "poison_pct": 0.0,
  "irl_iters": 1000,
  "feature_version": "v1",
  "feature_names": [
    "road_coverage",
    "grass_coverage",
    "center_deviation",
    "action_nothing",
    "action_steer_left",
    "action_steer_right",
    "action_gas",
    "action_brake"
  ],
  "rc_k": 3,
  "seed": null,
  "theta": [
    0.17390635394722317,
    -0.17937380003915254,
    -0.1738417218518038,
    -1.4965984360806863,
    -2.3336067532524054,
    -1.009954204091701,
    6.330900810651358,
    -1.4907414172265614
  ],
  "train_poison_paths": [],
  "held_out_poison_paths": [
    "data\\raw\\poison_human_stop\\traj_0064.npz",
    "data\\raw\\poison_human_stop\\traj_0060.npz",
    "data\\raw\\poison_human_stop\\traj_0077.npz",
    "data\\raw\\poison_human_stop\\traj_0034.npz",
    "data\\raw\\poison_human_stop\\traj_0090.npz",
    "data\\raw\\poison_human_stop\\traj_0105.npz",
    "data\\raw\\poison_human_stop\\traj_0009.npz",
    "data\\raw\\poison_human_stop\\traj_0082.npz",
    "data\\raw\\poison_human_stop\\traj_0006.npz",
    "data\\raw\\poison_human_stop\\traj_0030.npz"
  ],
  "mean_expert_score": 3.227441050262817,
  "mean_poison_score": 1.9509847215121112,
  "separation": 1.2764563287507056,
  "auc": 0.714,
  "n_held_out_expert": 50,
  "n_held_out_poison": 10,
  "expert_scores": [
    3.1605581804556335,
    2.7796048976734014,
    2.515578925623724,
    2.3650146126263536,
    3.3415293616710002,
    2.6680526363619697,
    1.9192384817584993,
    2.5103317721959373,
    4.007071195656801,
    3.535737892437937,
    1.8653596827288053,
    3.202907056842091,
    2.9198156402379163,
    4.304280582536424,
    3.692701292282574,
    3.7036984312041956,
    3.0854092435071445,
    3.9193536096563797,
    4.083132951594784,
    3.7423522540737655,
    3.078202343893551,
    4.006133834047865,
    3.359739787951129,
    3.1342589063739394,
    2.196332117602968,
    3.605989826354118,
    4.378748474739876,
    2.4459014474133296,
    3.0420542420107,
    4.062626384609085,
    2.684397336165098,
    4.057181103602774,
    4.434358740488733,
    3.4274960428935937,
    3.590273833690969,
    3.7909086702974903,
    3.2580015546827976,
    4.0200557326763064,
    2.586920896837918,
    2.3120527409694724,
    2.8860733033679544,
    3.910719460198797,
    2.096543982449412,
    2.7092821800966593,
    3.945781297887086,
    2.8436555681463602,
    3.8963270346503798,
    3.1115551903264755,
    2.7902643151490896,
    2.38848746244157
  ],
  "poison_scores": [
    3.5044606091493726,
    3.7083081236357254,
    1.6605035549587925,
    3.313757494967244,
    1.8892684262565445,
    2.230441556166242,
    -1.5529852878310029,
    2.809897902904576,
    -1.5510761589945745,
    3.4972709939081934
  ]
}