{
  "dataset": "D3",
  "method": "baseline",
  "poison_name": "poison_random",
  "poison_dir": "data/raw/poison_random",
  "n_expert": 140,
  "n_poison": 60,
  "poison_pct": 0.3,
  "irl_iters": 1000,
  "seed": 42,
  "theta": [
    0.31244658635827993,
    -0.308652272317577,
    0.11184678157954471,
    -3.3053319592467996,
    -5.525036960168878,
    -2.5557591763569114,
    13.864587733411403,
    -2.478459637638789
  ],
  "mean_expert_score": 7.014926725826869,
  "mean_poison_score": -0.1461188871859787,
  "separation": 7.161045613012847,
  "auc": 1.0,
  "n_held_out_expert": 50,
  "n_held_out_poison": 10,
  "expert_scores": [
    6.802109438952035,
    6.184811480571838,
    5.619891630931426,
    5.262153558091893,
    7.179950764035709,
    5.882885533753972,
    4.343838852595077,
    5.432550322935821,
    8.62210090671664,
    7.587046706184268,
    4.242072572493476,
    6.906834450164824,
    6.3971485095875735,
    9.301602974447961,
    7.943649945856606,
    7.988581940915215,
    6.756465584521127,
    8.438864133303456,
    8.788898188557074,
    8.049540743768729,
    6.581100155791126,
    8.629040404346453,
    7.2061282506997495,
    6.747589611437549,
    4.837178742422282,
    7.7566156590087765,
    9.466050326604531,
    5.4644501198042,
    6.692281566381003,
    8.758262729703073,
    5.993147637671696,
    8.748410608035488,
    9.565831890600094,
    7.350679321604423,
    7.7186960540925345,
    8.153827239075325,
    7.057847075287676,
    8.65877726603124,
    5.669262458100636,
    5.218270207862226,
    6.40407177612885,
    8.417202425489739,
    4.669126601466972,
    5.87763595051457,
    8.508562021336045,
    6.232276969015005,
    8.388729370758975,
    6.827541145640319,
    6.219769802424243,
    5.196974665623952
  ],
  "poison_scores": [
    -0.5038006736588874,
    -0.048591776301049494,
    -0.13100639158490646,
    0.042433200028443085,
    -0.10705575034601633,
    -0.17525994852164417,
    -0.19058624085802145,
    -0.1389187056983856,
    -0.06887319485142074,
    -0.13952939006789866
  ]
}