{
  "dataset": "D3",
  "method": "OD",
  "poison_name": "poison_random",
  "poison_dir": "data/raw/poison_random",
  "n_expert": 140,
  "n_poison": 60,
  "poison_pct": 0.3,
  "irl_iters": 1000,
  "seed": 42,
  "theta": [
    0.26250550968963415,
    -0.2596336196783475,
    -0.0515939419135036,
    -3.1203423753916857,
    -4.735375819438784,
    -2.188949657251613,
    11.85765553114809,
    -1.8129876790660198
  ],
  "mean_expert_score": 6.032961373427987,
  "mean_poison_score": -0.08850152403713085,
  "separation": 6.121462897465118,
  "auc": 1.0,
  "n_held_out_expert": 50,
  "n_held_out_poison": 10,
  "expert_scores": [
    5.785197655332438,
    5.393656401395526,
    4.914383950815361,
    4.573870925777849,
    6.131523279782967,
    5.082658223598207,
    3.819525844205754,
    4.613533979406226,
    7.387132706727255,
    6.49297744786091,
    3.7398034086603396,
    5.912382341027227,
    5.530354310882714,
    7.971264178554331,
    6.797409209169952,
    6.833139742706552,
    5.852689200071337,
    7.2277521670584495,
    7.541039475703501,
    6.893750519699392,
    5.64941159989125,
    7.396214708064286,
    6.15854462436007,
    5.746397264531508,
    4.128826074983921,
    6.632835946166811,
    8.113849219684054,
    4.768168716241317,
    5.806810915275432,
    7.501829577911436,
    5.240855366901418,
    7.496576613597586,
    8.21615392969534,
    6.279675332472473,
    6.600226449907323,
    6.979169738059765,
    6.060897405811293,
    7.423405622906657,
    4.898782745189723,
    4.5624588124723555,
    5.577853784065573,
    7.209784110594299,
    4.0741761167880535,
    5.022764930193891,
    7.286285126736224,
    5.39556466299976,
    7.1854008309857935,
    5.9076336136272225,
    5.42247242561173,
    4.410997437236493
  ],
  "poison_scores": [
    -0.40708908787714315,
    0.009928740650137158,
    -0.06957121043700121,
    0.07790730708356741,
    -0.05589447542589787,
    -0.11571189138188909,
    -0.12589811496746361,
    -0.0911983698204637,
    -0.018082184090965514,
    -0.08940595410418894
  ]
}