{
  "dataset": "D3",
  "method": "PC",
  "poison_name": "poison_random",
  "poison_dir": "data/raw/poison_random",
  "n_expert": 140,
  "n_poison": 60,
  "poison_pct": 0.3,
  "irl_iters": 1000,
  "seed": 42,
  "theta": [
    0.4483130402490434,
    -0.44106031423992653,
    0.11750313671857586,
    -4.74607081786726,
    -7.828415796353995,
    -3.666422121817897,
    19.756302939104387,
    -3.5153942030652816
  ],
  "mean_expert_score": 10.001737500305683,
  "mean_poison_score": -0.1983685875826809,
  "separation": 10.200106087888365,
  "auc": 1.0,
  "n_held_out_expert": 50,
  "n_held_out_poison": 10,
  "expert_scores": [
    9.69169817013812,
    8.824087302978926,
    8.018964332414425,
    7.505348405091992,
    10.23465017058307,
    8.387701421856129,
    6.198983975124075,
    7.7388577934749225,
    12.292132520943154,
    10.816452119289847,
    6.053654023712158,
    9.845760298472776,
    9.12349302963122,
    13.259709122258364,
    11.323637587641556,
    11.386751773762372,
    9.63765515458716,
    12.030359855161896,
    12.5309165706134,
    11.474931734663665,
    9.389117907026952,
    12.301507827851571,
    10.272026851153214,
    9.615841627269809,
    6.890295277522764,
    11.0571968095993,
    13.494218149598332,
    7.7952169099934645,
    9.54563218007683,
    12.485710507497092,
    8.551723365896464,
    12.471883237244189,
    13.63923695043374,
    10.478067562230342,
    11.002791122219197,
    11.623148866550723,
    10.062556540348481,
    12.34386752606635,
    8.084526869523838,
    7.443589805622997,
    9.136348260368278,
    11.999782106103074,
    6.660928397243176,
    8.376267178772597,
    12.129243067879033,
    8.888707956497205,
    11.959417506827062,
    9.737771624900754,
    8.872511443841134,
    7.401996216726964
  ],
  "poison_scores": [
    -0.709822586849874,
    -0.055254848851989724,
    -0.17648204309253623,
    0.07131305586807857,
    -0.14188963514638386,
    -0.23989777797244916,
    -0.2615008138028667,
    -0.19137765860173506,
    -0.08897730449811014,
    -0.18979626287894247
  ]
}