{
  "dataset": "D3",
  "method": "RC",
  "poison_name": "poison_random",
  "poison_dir": "data/raw/poison_random",
  "n_expert": 140,
  "n_poison": 60,
  "poison_pct": 0.3,
  "irl_iters": 1000,
  "seed": 42,
  "theta": [
    0.08236150533055488,
    -0.08147809768576147,
    0.04801413847153145,
    -0.85113747597888,
    -1.4606841713163612,
    -0.6833421245860595,
    3.5590603231591698,
    -0.5638965512778673
  ],
  "mean_expert_score": 1.7971836716943128,
  "mean_poison_score": -0.04339455754455683,
  "separation": 1.8405782292388697,
  "auc": 1.0,
  "n_held_out_expert": 50,
  "n_held_out_poison": 10,
  "expert_scores": [
    1.7365214973943617,
    1.598439712317064,
    1.4541683804991137,
    1.3588399629617889,
    1.8329842902390345,
    1.5144220062628033,
    1.1284331021908691,
    1.3878379109527135,
    2.2017302337820626,
    1.9348234834301514,
    1.1042743638215469,
    1.7643097755295067,
    1.6435483031655873,
    2.3777597997012085,
    2.0272493505750404,
    2.0401589263072832,
    1.736309797536558,
    2.154823624259567,
    2.244453666036693,
    2.054076446461723,
    1.677635414336648,
    2.20365087007233,
    1.837182817559073,
    1.7207225170717126,
    1.2435424312236782,
    1.9796421574719774,
    2.4201766284892017,
    1.4133222481330387,
    1.7223306525562951,
    2.2375606517912585,
    1.5505976209109165,
    2.2348536308042286,
    2.4455219292993218,
    1.8748444297901619,
    1.9696482082749307,
    2.0815287989032463,
    1.8058305298678787,
    2.211700584538822,
    1.4564898508416717,
    1.353865017741779,
    1.6532118047114959,
    2.149136120329763,
    1.2063511753943086,
    1.5044974906735402,
    2.173399934627135,
    1.601545628921218,
    2.1419993119957725,
    1.7552324894944746,
    1.6076551601165847,
    1.3303428453484938
  ],
  "poison_scores": [
    -0.13600706323029743,
    -0.0205546368988912,
    -0.03820554576112861,
    0.004637628898869706,
    -0.036112003113118574,
    -0.0506138712274542,
    -0.053798331614646255,
    -0.041470050522422086,
    -0.020801449762834212,
    -0.041020252213645414
  ]
}