{
  "dataset": "D0",
  "method": "RC",
  "poison_name": "poison_circle",
  "poison_dir": "data/raw/poison_circle",
  "train_poison_dir": "data/raw/poison_circle",
  "eval_poison_dir": "data/raw/poison_circle",
  "eval_poison_same_dir": true,
  "eval_poison_split": "same_dir_random",
  "n_expert": 200,
  "n_poison": 0,
  "n_requested_poison": 0,
  "n_available_train_poison": 100,
  "n_requested_held_out_poison": 10,
  "poison_pct": 0.0,
  "irl_iters": 1000,
  "feature_version": "v1",
  "feature_names": [
    "road_coverage",
    "grass_coverage",
    "center_deviation",
    "action_nothing",
    "action_steer_left",
    "action_steer_right",
    "action_gas",
    "action_brake"
  ],
  "rc_k": 3,
  "seed": null,
  "theta": [
    0.16877928694675656,
    -0.1714527684792802,
    -0.1926840307360851,
    -1.3385001459396135,
    -2.3109966728746905,
    -1.0855781753954132,
    6.313041842972262,
    -1.5779668487625413
  ],
  "train_poison_paths": [],
  "held_out_poison_paths": [
    "data\\raw\\poison_circle\\traj_0059.npz",
    "data\\raw\\poison_circle\\traj_0071.npz",
    "data\\raw\\poison_circle\\traj_0074.npz",
    "data\\raw\\poison_circle\\traj_0088.npz",
    "data\\raw\\poison_circle\\traj_0069.npz",
    "data\\raw\\poison_circle\\traj_0023.npz",
    "data\\raw\\poison_circle\\traj_0006.npz",
    "data\\raw\\poison_circle\\traj_0018.npz",
    "data\\raw\\poison_circle\\traj_0012.npz",
    "data\\raw\\poison_circle\\traj_0051.npz"
  ],
  "mean_expert_score": 3.225528455476742,
  "mean_poison_score": 0.7146174809682855,
  "separation": 2.510910974508456,
  "auc": 1.0,
  "n_held_out_expert": 50,
  "n_held_out_poison": 10,
  "expert_scores": [
    3.18609723576107,
    2.7591570736254822,
    2.4920902264254994,
    2.3526768854206916,
    3.3617243401898667,
    2.662571389207148,
    1.8966849243365171,
    2.5344869685252784,
    4.0102417234512595,
    3.540691224525351,
    1.8384298388902782,
    3.2101937047927978,
    2.9101433894575393,
    4.302710349325266,
    3.6958085811589383,
    3.7076207964286723,
    3.0714447403495133,
    3.921336928147579,
    4.079315652947884,
    3.7411037465920884,
    3.0924302177062746,
    4.004076574542046,
    3.367457958650666,
    3.148780434656623,
    2.2158189003897717,
    3.6143979580784946,
    4.375994234311899,
    2.4250033592141755,
    3.0230318789544355,
    4.066039623663586,
    2.6585905826189524,
    4.057146380430165,
    4.429380946472481,
    3.441659510471051,
    3.597730689262962,
    3.795571819822084,
    3.257713317182749,
    4.018811071476701,
    2.5800549089247182,
    2.290113306010566,
    2.8645026484899456,
    3.9128918852128853,
    2.0802474730507656,
    2.7257941971592254,
    3.9476166422343857,
    2.8306987305494404,
    3.8992112505067125,
    3.098992938839135,
    2.7658257504896113,
    2.416307864905862
  ],
  "poison_scores": [
    0.7110960963379483,
    0.7170353406717458,
    0.7223430493598041,
    0.7125304374243311,
    0.7145820802972581,
    0.7137236917431323,
    0.7160689476184248,
    0.7108949174054731,
    0.7140167408259043,
    0.7138835079988316
  ]
}