{
  "dataset": "D5",
  "method": "baseline",
  "poison_name": "poison_stop",
  "poison_dir": "data/raw/poison_stop",
  "n_expert": 100,
  "n_poison": 90,
  "poison_pct": 0.47368421052631576,
  "irl_iters": 1000,
  "seed": 42,
  "theta": [
    0.025838254004060455,
    -0.027570485613045054,
    1.0750596217945594,
    -7.238291303344007,
    -8.719933496301852,
    -6.669557987339612,
    5.587864899705848,
    17.0399178872796
  ],
  "mean_expert_score": 2.8485844190358343,
  "mean_poison_score": 16.811931853783516,
  "separation": -13.963347434747682,
  "auc": 0.0,
  "n_held_out_expert": 50,
  "n_held_out_poison": 10,
  "expert_scores": [
    0.4958789152938894,
    6.277638720283103,
    6.255337878543411,
    4.889301033506922,
    0.9884149460351044,
    4.068590001051087,
    6.00281326131212,
    0.4971512116362433,
    1.7172782870111938,
    0.9596862952403322,
    6.392398454413421,
    1.4107974865579658,
    3.9376092912614054,
    2.3432600362369245,
    1.2383345677859499,
    1.4560841223105268,
    4.433639869140217,
    1.6317335454909276,
    1.9748965334752517,
    1.3221389351935287,
    1.1070157312787554,
    1.8060565839760025,
    0.664797668746683,
    0.39308009530673704,
    2.1521233191847586,
    1.1605224913306442,
    2.476300222835178,
    5.787982135695311,
    4.990736720819425,
    1.905652910936861,
    6.6398678115365835,
    1.937359704174295,
    2.742359082774657,
    0.7558433252580943,
    1.084705113061708,
    1.38765288428611,
    2.3042393692401286,
    1.9027519122784964,
    3.433405422988729,
    6.428534173711341,
    6.049296491267772,
    1.6111548646744032,
    4.727675266648339,
    1.5740402200847683,
    1.7687431229012607,
    4.024091598668115,
    1.6394058822503892,
    4.484239800264202,
    6.313716528111847,
    0.8828871057205485
  ],
  "poison_scores": [
    16.839421853986902,
    16.81108409750507,
    16.81066538076727,
    16.810230051573413,
    16.811189984368774,
    16.79482848707885,
    16.81120405543053,
    16.81089104837933,
    16.809719085613217,
    16.810084493131814
  ]
}