{
  "dataset": "D5",
  "method": "OD",
  "poison_name": "poison_stop",
  "poison_dir": "data/raw/poison_stop",
  "n_expert": 100,
  "n_poison": 90,
  "poison_pct": 0.47368421052631576,
  "irl_iters": 1000,
  "seed": 42,
  "theta": [
    -0.09640211873029346,
    0.08964332080022674,
    1.2131958014948119,
    -8.053340718946703,
    -9.018883846537602,
    -7.485597570587265,
    1.7992525204068335,
    22.75856961566471
  ],
  "mean_expert_score": 0.9673610546581911,
  "mean_poison_score": 22.561567143620167,
  "separation": -21.594206088961975,
  "auc": 0.0,
  "n_held_out_expert": 50,
  "n_held_out_poison": 10,
  "expert_scores": [
    -1.9706780091553646,
    5.67865791387328,
    5.867079412103699,
    4.250220251695407,
    -1.476922914026379,
    2.960157655549078,
    6.031335409088343,
    -1.4488364623569807,
    -1.093807272216529,
    -1.6674021795168275,
    6.5689213027688655,
    -0.8326772525086861,
    2.5995249520241694,
    -0.5583492116519035,
    -1.4502221802954645,
    -1.1924611001711583,
    3.1008530279591984,
    -1.135270241762896,
    -0.8256427681488723,
    -1.3818534372630114,
    -1.0848742746854334,
    -0.9835633929903289,
    -1.9007568971733968,
    -2.0832330997562205,
    0.8962531729622759,
    -1.479135496316739,
    -0.4513351663765277,
    5.325577195592335,
    3.837736020402752,
    -0.9080527353828465,
    6.216980972620054,
    -0.8636185644526908,
    -0.1400782814735403,
    -1.8384459581799586,
    -1.5609080447599608,
    -1.3375205438433961,
    0.25403618640812975,
    -0.8697887432058533,
    2.2326742474152317,
    6.235909898307046,
    5.3021564198491244,
    -1.1528378022320664,
    4.275040625738982,
    -0.23391123893224358,
    -0.9888712717175256,
    2.775830319247692,
    -1.106208013005461,
    3.1344867794353646,
    5.709340239177742,
    -0.8674567157509641
  ],
  "poison_scores": [
    22.592298363875443,
    22.56061774455675,
    22.560257175564452,
    22.559597907112895,
    22.56076136783337,
    22.542430814669295,
    22.560739435668086,
    22.560538584905913,
    22.55904698217857,
    22.559383059836914
  ]
}