{
  "dataset": "D5",
  "method": "PC",
  "poison_name": "poison_stop",
  "poison_dir": "data/raw/poison_stop",
  "n_expert": 100,
  "n_poison": 90,
  "poison_pct": 0.47368421052631576,
  "irl_iters": 1000,
  "seed": 42,
  "theta": [
    0.022303580991799063,
    -0.024083321517373472,
    1.0754598232921326,
    -7.257759385663743,
    -8.730053650121128,
    -6.68856175690766,
    5.512777257639414,
    17.163597535053114
  ],
  "mean_expert_score": 2.812546986453049,
  "mean_poison_score": 16.937288742389278,
  "separation": -14.12474175593623,
  "auc": 0.0,
  "n_held_out_expert": 50,
  "n_held_out_poison": 10,
  "expert_scores": [
    0.4469002484446216,
    6.269248863115434,
    6.251180349319879,
    4.879365206797286,
    0.9398487238530753,
    4.048768395234516,
    6.006953969833592,
    0.45861960050069595,
    1.6619230358850365,
    0.9076730234591337,
    6.399644186786847,
    1.3667510396609688,
    3.9130844689725364,
    2.286217306493174,
    1.1851282621253834,
    1.403727255221966,
    4.409522255685314,
    1.57715692522275,
    1.9198601985824848,
    1.2686552631972339,
    1.0642337049767818,
    1.751106666144012,
    0.6138654747603698,
    0.34366097085930036,
    2.128368564329471,
    1.1083102156559785,
    2.4187709907249744,
    5.782054371509076,
    4.97048085322843,
    1.8502684998553929,
    6.635197665118541,
    1.8822075775055551,
    2.686073078297829,
    0.7045013679396499,
    1.032339237329367,
    1.3338642264751914,
    2.264505042847747,
    1.848246989776077,
    3.4114308632434347,
    6.428306376554782,
    6.037765591572203,
    1.5566375260169112,
    4.7214869423137085,
    1.5389408990994133,
    1.7143751327601147,
    4.001455142436144,
    1.5852769022430562,
    4.459732509369026,
    6.305147081519616,
    0.8485102797983721
  ],
  "poison_scores": [
    16.96478081893472,
    16.93644088350319,
    16.936025132479227,
    16.935584916302826,
    16.9365475049933,
    16.920183648119938,
    16.93656049013341,
    16.93625165388851,
    16.9350744952709,
    16.935437880266754
  ]
}