{
  "dataset": "D5",
  "method": "RC",
  "poison_name": "poison_stop",
  "poison_dir": "data/raw/poison_stop",
  "n_expert": 100,
  "n_poison": 90,
  "poison_pct": 0.47368421052631576,
  "irl_iters": 1000,
  "seed": 42,
  "theta": [
    0.04442067793033408,
    -0.04215316365784837,
    0.2956394752788095,
    -1.9401522613867268,
    -2.5338300110868506,
    -1.760665859777549,
    2.894912604568018,
    3.3397355276830973
  ],
  "mean_expert_score": 1.4577186828632176,
  "mean_poison_score": 3.26002463257253,
  "separation": -1.8023059497093123,
  "auc": 0.0,
  "n_held_out_expert": 50,
  "n_held_out_poison": 10,
  "expert_scores": [
    0.930539581849854,
    2.0878932659953273,
    2.014611392812487,
    1.681064345464635,
    1.078905910185526,
    1.5814392638756447,
    1.8061830951330007,
    0.7667759731035095,
    1.4102394556295723,
    1.1231871960850959,
    1.8769140021818937,
    1.1376554216954167,
    1.6150249492512396,
    1.6291228680985812,
    1.2271855966691416,
    1.280555428001184,
    1.7631449420152707,
    1.3708362750639007,
    1.485249230735669,
    1.2576921474969098,
    1.0285545509552771,
    1.430881727731247,
    1.014385830248413,
    0.9046753532301066,
    1.0479004636192213,
    1.187800258536811,
    1.677665481623217,
    1.8969698167665252,
    1.874800040241743,
    1.4683070176448125,
    2.141874073313966,
    1.47427228934994,
    1.7428694978329315,
    1.0500924749436902,
    1.166722978565272,
    1.2833237274245828,
    1.3468701598575832,
    1.4542975347245009,
    1.4188183786117028,
    2.0052571951936127,
    2.0661380023916376,
    1.3636054680489302,
    1.5730088850266333,
    1.0480679530586792,
    1.4095179398223006,
    1.6126466798753165,
    1.3663621866514752,
    1.7840744329460552,
    2.1010852298140734,
    0.8208681737667685
  ],
  "poison_scores": [
    3.26767167502166,
    3.25978944362927,
    3.2596404561482943,
    3.259570928620831,
    3.259811599267202,
    3.255272161190651,
    3.2598263524153257,
    3.2596947858471457,
    3.2594229227376057,
    3.259546000847316
  ]
}