{
  "dataset": "D4",
  "method": "baseline",
  "poison_name": "poison_stop",
  "poison_dir": "data/raw/poison_stop",
  "n_expert": 120,
  "n_poison": 80,
  "poison_pct": 0.4,
  "irl_iters": 1000,
  "seed": 42,
  "theta": [
    0.07308873424349707,
    -0.08140336440876075,
    0.7944660069812955,
    -6.839883879699691,
    -8.57533956399349,
    -6.206053865944993,
    7.878752113992027,
    13.742525195646136
  ],
  "mean_expert_score": 4.037876559273874,
  "mean_poison_score": 13.541908598088682,
  "separation": -9.504032038814808,
  "auc": 0.0,
  "n_held_out_expert": 50,
  "n_held_out_poison": 10,
  "expert_scores": [
    2.011045498515582,
    6.73090170361482,
    6.579650743529697,
    5.345190160018332,
    2.5202083303402683,
    4.798925175534409,
    6.069300797042853,
    1.6891494419511717,
    3.4625661077333194,
    2.5841645411815914,
    6.370876172683186,
    2.8043750913617074,
    4.810268821762958,
    4.139915134284694,
    2.897612726941813,
    3.088307464069385,
    5.313854721947195,
    3.3449657937297506,
    3.716913572656266,
    2.991981107883171,
    2.4913185065532977,
    3.535064156762143,
    2.2463935822763093,
    1.9045097880627107,
    2.942020568798007,
    2.7909632126964214,
    4.289284601108264,
    6.147638204308157,
    5.764614079748581,
    3.6500038107115778,
    6.9900580831081545,
    3.6725747702820177,
    4.544745062107442,
    2.3616617869887513,
    2.7181737710766742,
    3.075106734683151,
    3.5896611423328073,
    3.625206342437277,
    4.216912120096183,
    6.625966487677882,
    6.5883608926667705,
    3.3232391162627293,
    5.073307649879169,
    2.7034049213401903,
    3.474324898649292,
    4.8452539302979325,
    3.3406087393611394,
    5.369795078209342,
    6.7645771887564665,
    1.9589056296726735
  ],
  "poison_scores": [
    13.562342863876617,
    13.541278227776806,
    13.540924603899912,
    13.540673355423088,
    13.541344660266972,
    13.529199381202405,
    13.541373762536866,
    13.541078349737774,
    13.540283697882494,
    13.540587078283886
  ]
}