{
  "dataset": "D4",
  "method": "OD",
  "poison_name": "poison_stop",
  "poison_dir": "data/raw/poison_stop",
  "n_expert": 120,
  "n_poison": 80,
  "poison_pct": 0.4,
  "irl_iters": 1000,
  "seed": 42,
  "theta": [
    -0.035988679053431366,
    0.022923602980808932,
    0.9206173376752499,
    -7.590959960980617,
    -8.850374612627302,
    -6.947511076503386,
    4.43203866332187,
    18.956806986789406
  ],
  "mean_expert_score": 2.325314953203807,
  "mean_poison_score": 18.78308205400116,
  "separation": -16.45776710079735,
  "auc": 0.0,
  "n_held_out_expert": 50,
  "n_held_out_poison": 10,
  "expert_scores": [
    -0.23618421923226895,
    6.187347189638569,
    6.228051094985565,
    4.76437639249836,
    0.274448234327507,
    3.7903054198096884,
    6.096989397187262,
    -0.08420581501322078,
    0.9030169727462849,
    0.19182635525578706,
    6.533701943266282,
    0.7612644003707982,
    3.592782191832656,
    1.4982886525595631,
    0.4494735596776942,
    0.6765966398831507,
    4.101527783641688,
    0.8255708089158997,
    1.1673299514429623,
    0.5299884530294068,
    0.4947563979849249,
    0.9952842991670565,
    -0.09011837047785165,
    -0.3511913067172481,
    1.7975332755251823,
    0.3870833576292825,
    1.6240692356492676,
    5.7282705228599164,
    4.716306418212344,
    1.0881008276087445,
    6.607139999362275,
    1.1224115036016353,
    1.920869175678263,
    -0.0012854220860223364,
    0.308898052431136,
    0.593598225312536,
    1.723059826658782,
    1.1009673562727946,
    3.1242056641830986,
    6.452394016492816,
    5.9099122867474705,
    0.8065828024118091,
    4.66237416055013,
    1.0563595226984968,
    0.963505990478287,
    3.709700290122343,
    0.8406489386708267,
    4.141957569781952,
    6.216262705306269,
    0.36359493125018516
  ],
  "poison_scores": [
    18.806482087529453,
    18.782358689964845,
    18.782056000683298,
    18.78160361319689,
    18.782459052531845,
    18.76851292958948,
    18.782456114586243,
    18.78226006423854,
    18.781176911747337,
    18.78145507594366
  ]
}