{
  "dataset": "D4",
  "method": "PC",
  "poison_name": "poison_stop",
  "poison_dir": "data/raw/poison_stop",
  "n_expert": 120,
  "n_poison": 80,
  "poison_pct": 0.4,
  "irl_iters": 1000,
  "seed": 42,
  "theta": [
    0.06954448709850068,
    -0.07790369701261116,
    0.7948499513815317,
    -6.858467149754082,
    -8.585586239398907,
    -6.224834879682581,
    7.805786817367062,
    13.863101451468523
  ],
  "mean_expert_score": 4.002931928706436,
  "mean_poison_score": 13.664172173365069,
  "separation": -9.661240244658632,
  "auc": 0.0,
  "n_held_out_expert": 50,
  "n_held_out_poison": 10,
  "expert_scores": [
    1.9635349284179413,
    6.722900284282167,
    6.575756915398138,
    5.335672171232027,
    2.473091837967745,
    4.779790193526711,
    6.07347932818247,
    1.6517990333770243,
    3.4088059615538664,
    2.533636960768318,
    6.378072333757455,
    2.761624020822902,
    4.786531129831157,
    4.084516132936855,
    2.8459280647907077,
    3.037458827209254,
    5.290513091263593,
    3.2919556654240356,
    3.663448204959513,
    2.940015930188459,
    2.4497974211385234,
    3.4816854278078777,
    2.1969202424042056,
    1.8565201719930755,
    2.9190898843347766,
    2.740259341082349,
    4.23341142602917,
    6.142020146872188,
    5.745034105957042,
    3.596220449159485,
    6.985668974507101,
    3.6190061110177916,
    4.4900840008561005,
    2.3118173526847112,
    2.6673169256441547,
    3.0228695750389925,
    3.551106663258352,
    3.5722688876203597,
    4.195653502417427,
    6.625911743171692,
    6.577292076384756,
    3.2702856946878973,
    5.067419315833771,
    2.6694029984038856,
    3.4215211699807644,
    4.82334829263728,
    3.2880354597954855,
    5.3460806789894555,
    6.756392351715378,
    1.9256250280074438
  ],
  "poison_scores": [
    13.68460808061913,
    13.663541714065552,
    13.663191069010484,
    13.662934928485686,
    13.66360888186101,
    13.651461499260833,
    13.663636894357015,
    13.663345667732951,
    13.662545825839068,
    13.662847172418953
  ]
}