{
  "dataset": "D4",
  "method": "RC",
  "poison_name": "poison_stop",
  "poison_dir": "data/raw/poison_stop",
  "n_expert": 120,
  "n_poison": 80,
  "poison_pct": 0.4,
  "irl_iters": 1000,
  "seed": 42,
  "theta": [
    0.055975693121840545,
    -0.0568576260445403,
    0.23532375078521256,
    -1.8104533881182003,
    -2.4945939782778392,
    -1.6567487808262693,
    3.3482159853004894,
    2.6135801619218193
  ],
  "mean_expert_score": 1.6919819137248648,
  "mean_poison_score": 2.5378603208988664,
  "separation": -0.8458784071740015,
  "auc": 0.0,
  "n_held_out_expert": 50,
  "n_held_out_poison": 10,
  "expert_scores": [
    1.2422040931592084,
    2.160743176096021,
    2.0606003150418037,
    1.7591482868318533,
    1.3913233618822902,
    1.7188985356961934,
    1.8003332976052409,
    1.0118696954421385,
    1.7614662995913355,
    1.4515062332420468,
    1.8519192300917746,
    1.4184954660005304,
    1.7806132689648184,
    1.9886279231513386,
    1.561894136750781,
    1.609467795685672,
    1.9283028855176287,
    1.715472089225368,
    1.8338691284015376,
    1.5935643860482434,
    1.3078530600927607,
    1.7776905099423073,
    1.3353255815865488,
    1.2129688814650323,
    1.2067863152415734,
    1.517630922397704,
    2.040036353133939,
    1.9518777549289996,
    2.0163311519191742,
    1.818959677851963,
    2.191852984455305,
    1.822290737779483,
    2.1020123474746972,
    1.3770269843433325,
    1.4972945935027582,
    1.6239341715291058,
    1.6021827130578021,
    1.799842186937855,
    1.5680319645986698,
    2.0255787354249017,
    2.156772301525007,
    1.7080547920984397,
    1.628227375433366,
    1.276638111363988,
    1.7522619308159983,
    1.7670318238825387,
    1.7085495941743953,
    1.9505346994475254,
    2.172821004624172,
    1.0423768207880841
  ],
  "poison_scores": [
    2.5439927590146865,
    2.5376716327478057,
    2.5375361665246263,
    2.53750772816623,
    2.537684755600301,
    2.534050755927361,
    2.5377036410414,
    2.537574439495837,
    2.537385314809982,
    2.5374960156604356
  ]
}