{
  "dataset": "D3",
  "method": "baseline",
  "poison_name": "poison_stop",
  "poison_dir": "data/raw/poison_stop",
  "n_expert": 140,
  "n_poison": 60,
  "poison_pct": 0.3,
  "irl_iters": 1000,
  "seed": 42,
  "theta": [
    0.16454997570588986,
    -0.16762929988503583,
    0.5988334956884778,
    -6.3371375935695635,
    -8.340290608342102,
    -5.562876827395828,
    10.819846835127155,
    9.420458194180345
  ],
  "mean_expert_score": 5.519803678341604,
  "mean_poison_score": 9.216011293295058,
  "separation": -3.6962076149534537,
  "auc": 0.0,
  "n_held_out_expert": 50,
  "n_held_out_poison": 10,
  "expert_scores": [
    3.919541100370604,
    7.245470165916872,
    6.931814568095908,
    5.8769605136292,
    4.4392321949576665,
    5.686392630915349,
    6.095204984404937,
    3.191321736817806,
    5.660231256331754,
    4.63466962901869,
    6.284495414806373,
    4.556202283623,
    5.880573211925605,
    6.408133905552445,
    4.995095173512082,
    5.152793565332247,
    6.387200648965938,
    5.506678062034716,
    5.911418589232705,
    5.104124935451837,
    4.21249917577179,
    5.71701101301584,
    4.244958527116073,
    3.82322757613874,
    3.917154350207708,
    4.848429628784002,
    6.578507884924699,
    6.551278029741362,
    6.701545691580737,
    5.848356493895399,
    7.372391016447947,
    5.862267004924767,
    6.807796232705198,
    4.382025757219481,
    4.780280820734103,
    5.202433874676483,
    5.199351914991073,
    5.794919229200227,
    5.1763547013431275,
    6.820911300325829,
    7.21672679368025,
    5.48294960288408,
    5.463851909914728,
    4.11160718414675,
    5.627826139718298,
    5.848648125750059,
    5.485958032600674,
    6.453121325691514,
    7.282278761464557,
    3.3079612465889343
  ],
  "poison_scores": [
    9.231666790002928,
    9.215529713409943,
    9.215166007823155,
    9.215122890279863,
    9.21555859260121,
    9.206288188541528,
    9.215613759628908,
    9.215258411964937,
    9.214806672391628,
    9.215101906306469
  ]
}