{
  "dataset": "D3",
  "method": "OD",
  "poison_name": "poison_stop",
  "poison_dir": "data/raw/poison_stop",
  "n_expert": 140,
  "n_poison": 60,
  "poison_pct": 0.3,
  "irl_iters": 1000,
  "seed": 42,
  "theta": [
    0.07412085707916166,
    -0.08086167692098704,
    0.6884297954813942,
    -7.008979176673776,
    -8.575504991908165,
    -6.179483822963337,
    7.977545600346553,
    13.786422391198728
  ],
  "mean_expert_score": 4.1111584641325045,
  "mean_poison_score": 13.607438256388056,
  "separation": -9.496279792255551,
  "auc": 0.0,
  "n_held_out_expert": 50,
  "n_held_out_poison": 10,
  "expert_scores": [
    2.0574179299274933,
    6.815473444289768,
    6.661087867384429,
    5.410831544299179,
    2.5818543620828294,
    4.862902525071668,
    6.137243236596308,
    1.7209744539427958,
    3.5478453213903585,
    2.658690296981234,
    6.439629983700089,
    2.8692177976029645,
    4.885594531315177,
    4.229158849705071,
    2.9732807167438366,
    3.1609316275926,
    5.398946221563256,
    3.4271872046610636,
    3.8092560391030723,
    3.0718738491064945,
    2.5652946001668777,
    3.6217348192918504,
    2.3136408286033365,
    1.955796595966437,
    2.9711140457922247,
    2.8622806222864563,
    4.380456666244152,
    6.222388910660037,
    5.85067892747754,
    3.7340023603535926,
    7.077117883734788,
    3.758245996469215,
    4.6462128714868935,
    2.428211020359987,
    2.789613094895249,
    3.1532519102202583,
    3.661799695810669,
    3.7126882569424415,
    4.282777297030864,
    6.696372233546987,
    6.674730888418226,
    3.405761161894307,
    5.139066982832748,
    2.7503768182679003,
    3.5554468664852084,
    4.922354890868827,
    3.422567677378043,
    5.451339144287088,
    6.848484524317792,
    1.9847178114755142
  ],
  "poison_scores": [
    13.625170225841183,
    13.606891398866448,
    13.606575332558371,
    13.60637206144815,
    13.606946899705228,
    13.596411166919276,
    13.606975352395475,
    13.606706268995122,
    13.606032209009207,
    13.606301648142098
  ]
}