{
  "dataset": "D3",
  "method": "PC",
  "poison_name": "poison_stop",
  "poison_dir": "data/raw/poison_stop",
  "n_expert": 140,
  "n_poison": 60,
  "poison_pct": 0.3,
  "irl_iters": 1000,
  "seed": 42,
  "theta": [
    0.16089337026490153,
    -0.16398554027385842,
    0.5977151076190004,
    -6.355458592326112,
    -8.350628113261067,
    -5.581361713575477,
    10.755884111494181,
    9.531564307668441
  ],
  "mean_expert_score": 5.489795916361784,
  "mean_poison_score": 9.329181938768723,
  "separation": -3.8393860224069396,
  "auc": 0.0,
  "n_held_out_expert": 50,
  "n_held_out_poison": 10,
  "expert_scores": [
    3.877769540111536,
    7.240266727923934,
    6.930240930804268,
    5.870014887964059,
    4.398045207103351,
    5.67069219239366,
    6.100715541808609,
    3.1585292932763154,
    5.613270432353822,
    4.590390762870649,
    6.292728361483835,
    4.518913379120732,
    5.8607944713184645,
    6.359789904094707,
    4.949803928408749,
    5.108259810802644,
    6.367937500540035,
    5.460325401807584,
    5.8647803032394465,
    5.058602753390117,
    4.176501276858024,
    5.6703689372552315,
    4.201517140719615,
    3.780953223765904,
    3.897552270926237,
    4.804016802251983,
    6.529764496690091,
    6.548018039168046,
    6.685721379038667,
    5.801388270966234,
    7.370477986308713,
    5.815480748191502,
    6.760304221500988,
    4.338334373712421,
    4.735707848593618,
    5.15672072155961,
    5.166002168202988,
    5.7487113586350445,
    5.158642561878606,
    6.82270358641662,
    7.208729325634488,
    5.43664971833131,
    5.460114838526012,
    4.082119702139265,
    5.581665314442332,
    5.830525014424658,
    5.440008848681945,
    6.4334977882596025,
    7.276862513402035,
    3.2788640107908824
  ],
  "poison_scores": [
    9.344800505492135,
    9.328701461657296,
    9.32834137402741,
    9.328293877087392,
    9.328730947939965,
    9.319481374427317,
    9.328784973912432,
    9.328434337324387,
    9.327978947302856,
    9.328271588516055
  ]
}