{
  "dataset": "D3",
  "method": "RC",
  "poison_name": "poison_stop",
  "poison_dir": "data/raw/poison_stop",
  "n_expert": 140,
  "n_poison": 60,
  "poison_pct": 0.3,
  "irl_iters": 1000,
  "seed": 42,
  "theta": [
    0.024326695134521965,
    -0.025812973015427877,
    0.2789002173692622,
    -1.9833166580743766,
    -2.566796420095025,
    -1.8552050812408276,
    2.3581960922021015,
    4.047122067208137
  ],
  "mean_expert_score": 1.1993465674145063,
  "mean_poison_score": 3.978347108829049,
  "separation": -2.779000541414543,
  "auc": 0.0,
  "n_held_out_expert": 50,
  "n_held_out_poison": 10,
  "expert_scores": [
    0.6070861356789284,
    1.9898889640893234,
    1.9439623632568632,
    1.5822940101887215,
    0.7538511688264979,
    1.4235549670289491,
    1.792326069476109,
    0.511372553980731,
    1.0311518530295563,
    0.7704410355278885,
    1.8811721451752015,
    0.8362942062420766,
    1.4249818341392873,
    1.2335523880990498,
    0.8645612881390882,
    0.9223994628132781,
    1.572154317004213,
    0.9967720073078932,
    1.1048601857645823,
    0.8915781730682684,
    0.7379882215589169,
    1.0524193253260257,
    0.6714019603874621,
    0.573955517810332,
    0.881150982416574,
    0.8335226098338946,
    1.277848886038407,
    1.8177970985834648,
    1.7053044630816467,
    1.0877724539189972,
    2.0651195857040507,
    1.0939550663934194,
    1.3500280388124126,
    0.7060862026289261,
    0.8118081950099114,
    0.9170174727839404,
    1.0671348603469322,
    1.0788913009271428,
    1.2495352493792213,
    1.9601487191302636,
    1.948012620645763,
    0.9901080282016222,
    1.4992861729496068,
    0.8082682766932268,
    1.035841660537732,
    1.434101464540216,
    0.9952974626478989,
    1.5903633893629854,
    2.0005288258575993,
    0.5923791303802128
  ],
  "poison_scores": [
    3.9855185108765427,
    3.9781260141007877,
    3.978002416610097,
    3.9779127248574495,
    3.9781498262034485,
    3.9738870846321643,
    3.9781592433202415,
    3.978056921146593,
    3.977776370480346,
    3.977881976062816
  ]
}