{
  "dataset": "D1",
  "method": "baseline",
  "poison_name": "poison_random",
  "poison_dir": "data/raw/poison_random",
  "n_expert": 180,
  "n_poison": 20,
  "poison_pct": 0.1,
  "irl_iters": 1000,
  "seed": 42,
  "theta": [
    0.4097134014509751,
    -0.39348030930656125,
    0.36562058690698346,
    -4.218843122597363,
    -6.945099817391549,
    -3.2502182882490427,
    17.82358567997587,
    -3.4094244517379155
  ],
  "mean_expert_score": 8.962714987232685,
  "mean_poison_score": -0.23936293043493517,
  "separation": 9.20207791766762,
  "auc": 1.0,
  "n_held_out_expert": 50,
  "n_held_out_poison": 10,
  "expert_scores": [
    8.712920958547427,
    7.844441043379343,
    7.121026503515314,
    6.683067447044451,
    9.183354462910978,
    7.49090216647728,
    5.485607189155278,
    6.963348374701745,
    11.040496161019027,
    9.723576239108448,
    5.350157978306994,
    8.842167521258915,
    8.15463786775282,
    11.918789458209753,
    10.183533955246126,
    10.24310130645138,
    8.605117167938996,
    10.812223988221422,
    11.254681939603781,
    10.320320807052141,
    8.405712034595282,
    11.05529062106833,
    9.238283960023514,
    8.666323632110608,
    6.171826381257045,
    9.940477988071223,
    12.12953235634733,
    6.931407600569205,
    8.51830946738838,
    11.218001940983942,
    7.595333662589738,
    11.209187405404771,
    12.23845428660077,
    9.411884530109639,
    9.89220755186455,
    10.443982543317325,
    9.027083077343539,
    11.087216005780245,
    7.224187887052844,
    6.610470858617177,
    8.132896705168626,
    10.78376921121176,
    5.919388078176792,
    7.510603032829852,
    10.903842703101832,
    7.939635846237312,
    10.747141776046588,
    8.701089427145368,
    7.896766207209414,
    6.651970047509666
  ],
  "poison_scores": [
    -0.6928498976145301,
    -0.12172689491621869,
    -0.2261303423479344,
    -0.003788421580561252,
    -0.19261464728029631,
    -0.2792822412699447,
    -0.2914918621914153,
    -0.22428617265439765,
    -0.14358073670527904,
    -0.21787808778877427
  ]
}