{
  "dataset": "D1",
  "method": "OD",
  "poison_name": "poison_random",
  "poison_dir": "data/raw/poison_random",
  "n_expert": 180,
  "n_poison": 20,
  "poison_pct": 0.1,
  "irl_iters": 1000,
  "seed": 42,
  "theta": [
    0.40557913077267355,
    -0.3886419742840834,
    0.18088185269465445,
    -4.707354395212794,
    -7.14234226503022,
    -3.3524528133229334,
    18.327147575336795,
    -3.1249981017708475
  ],
  "mean_expert_score": 9.264476900007846,
  "mean_poison_score": -0.19257419815982638,
  "separation": 9.457051098167673,
  "auc": 1.0,
  "n_held_out_expert": 50,
  "n_held_out_poison": 10,
  "expert_scores": [
    8.924856602809594,
    8.20288856694379,
    7.463648359038322,
    6.969745639729017,
    9.438729043102283,
    7.772790799323735,
    5.777103442667831,
    7.125109264113307,
    11.376165850294758,
    10.010740326840352,
    5.646050685756967,
    9.105370702766969,
    8.465707691198196,
    12.282752504453981,
    10.48261837373843,
    10.540266624681342,
    8.948077066038337,
    11.13784393241789,
    11.610571386974852,
    10.630545370101032,
    8.678758896176374,
    11.395064327285944,
    9.500497870264574,
    8.88697202365917,
    6.341270447239843,
    10.227131235115943,
    12.501790084725533,
    7.251743255921791,
    8.869698983346767,
    11.556344443084734,
    7.960559895778003,
    11.551191585053791,
    12.635697899372524,
    9.676287454398508,
    10.17714138556909,
    10.753096005028468,
    9.319744879260304,
    11.430124412248473,
    7.497266730314671,
    6.927348029449773,
    8.495356614303857,
    11.109318803295317,
    6.193782112615665,
    7.723977372076643,
    11.230597037832531,
    8.252341213644488,
    11.071735881416258,
    9.039211978650947,
    8.254935677682456,
    6.803276232588868
  ],
  "poison_scores": [
    -0.674920354424881,
    -0.052234442033027406,
    -0.17148436918469478,
    0.05632865831764455,
    -0.14526603190965792,
    -0.23638108249985068,
    -0.24531037235598063,
    -0.18893985592071427,
    -0.08884343787988591,
    -0.1786906937072157
  ]
}