{
  "dataset": "D1",
  "method": "PC",
  "poison_name": "poison_random",
  "poison_dir": "data/raw/poison_random",
  "n_expert": 180,
  "n_poison": 20,
  "poison_pct": 0.1,
  "irl_iters": 1000,
  "seed": 42,
  "theta": [
    0.45689877010207774,
    -0.4393019408396994,
    0.3110598117183472,
    -4.685606174709782,
    -7.7182502568459945,
    -3.633444976653614,
    19.796406300056397,
    -3.7591048918470213
  ],
  "mean_expert_score": 9.97510370100775,
  "mean_poison_score": -0.24334599867632867,
  "separation": 10.21844969968408,
  "auc": 1.0,
  "n_held_out_expert": 50,
  "n_held_out_poison": 10,
  "expert_scores": [
    9.694574728134377,
    8.741158945831817,
    7.935880446749668,
    7.44446715244227,
    10.222980501252495,
    8.340630439320055,
    6.116344664809414,
    7.7457495038018465,
    12.284088616058668,
    10.81765064568789,
    5.965758144646444,
    9.838584419038188,
    9.079134545149671,
    13.256570790118886,
    11.32706419706658,
    11.391841163930565,
    9.58295081380392,
    12.027857669034548,
    12.521482534791271,
    11.478421248092795,
    9.364599298254232,
    12.297652312985608,
    10.276953025637676,
    9.635769909447117,
    6.869666198908098,
    11.058540181926823,
    13.490704307630919,
    7.7220181079466945,
    9.485635845237892,
    12.480029873395395,
    8.464142465081927,
    12.468731968430895,
    13.618356240533767,
    10.474125682581022,
    11.004567882519378,
    11.619298704225978,
    10.045041468884675,
    12.33488924610404,
    8.043748627398788,
    7.364701570702355,
    9.06003553733351,
    11.996657607766256,
    6.59628911218612,
    8.360132524833602,
    12.128527098193675,
    8.840575308863686,
    11.956099356504529,
    9.687628859176215,
    8.795721706184496,
    7.40115385175072
  ],
  "poison_scores": [
    -0.7487021547875208,
    -0.10806175803188411,
    -0.22742926702681965,
    0.0208506095142873,
    -0.18868559213094338,
    -0.2866301763146053,
    -0.30315487841395017,
    -0.23004472183627067,
    -0.1376912120848628,
    -0.22391083565071712
  ]
}