{
  "dataset": "D1",
  "method": "RC",
  "poison_name": "poison_random",
  "poison_dir": "data/raw/poison_random",
  "n_expert": 180,
  "n_poison": 20,
  "poison_pct": 0.1,
  "irl_iters": 1000,
  "seed": 42,
  "theta": [
    0.10838843774415556,
    -0.10275345000303229,
    0.19911107861934782,
    -1.1001657668336633,
    -1.9100496157496407,
    -0.926625311937325,
    4.543597227300016,
    -0.6067565327793856
  ],
  "mean_expert_score": 2.265720577987505,
  "mean_poison_score": -0.088331253109217,
  "separation": 2.354051831096722,
  "auc": 1.0,
  "n_held_out_expert": 50,
  "n_held_out_poison": 10,
  "expert_scores": [
    2.178253675566949,
    2.032147275370541,
    1.8514054354413214,
    1.7277558987992025,
    2.2950139082465015,
    1.9193725406943152,
    1.4423015895980886,
    1.7455800148117082,
    2.7648650058555253,
    2.426295028792336,
    1.4148129757539851,
    2.21638069857166,
    2.078235178061614,
    2.9961313963064407,
    2.547221927046314,
    2.5679151756787255,
    2.1940792068704313,
    2.7082951403277473,
    2.819881244469049,
    2.5812886178384398,
    2.091159962148758,
    2.770521051413453,
    2.303299700807602,
    2.164158746676718,
    1.5740743251489024,
    2.486029159774005,
    3.050613887603747,
    1.800394057058702,
    2.1815770454409913,
    2.81384096490022,
    1.9742153139819698,
    2.8118254029854746,
    3.0750383203775886,
    2.347415808637939,
    2.47279493101444,
    2.6133355080044534,
    2.2739305202494142,
    2.7792862636903264,
    1.8405664015124583,
    1.7326591257023713,
    2.100770612719018,
    2.700445916029179,
    1.5323385269525045,
    1.8919330608557505,
    2.734622098319495,
    2.0245959255506194,
    2.6917883316251827,
    2.221621621586902,
    2.047770774170922,
    1.6761736003352266
  ],
  "poison_scores": [
    -0.20671863051102352,
    -0.06750114739329621,
    -0.08056481624057565,
    -0.030603285588382878,
    -0.08783719208887941,
    -0.09809835457482163,
    -0.09671338985774358,
    -0.08364466171323537,
    -0.053404010243416566,
    -0.07822704288079518
  ]
}